"Year","ClimYr","RosNew","InflNew","TransectNew","TagNew"
1,2013,12,0,"E.5","E.5.1"
2,2002,12,0,"E.5","E.5.1"
3,2010,20,0,"E.5","E.5.1"
4,2016,11,0,"E.5","E.5.1"
5,2002,13,0,"E.5","E.5.1"
6,2002,9,0,"E.5","E.5.1"
7,2009,13,0,"E.5","E.5.1"
8,2002,15,0,"E.5","E.5.1"
9,2012,10,0,"E.5","E.5.1"
10,2012,10,4,"E.5","E.5.1"
1,2013,22,6,"E.6","E.6.2"
2,2002,18,0,"E.6","E.6.2"
3,2010,32,2,"E.6","E.6.2"
4,2016,0,0,"E.6","E.6.2"
5,2002,0,0,"E.6","E.6.2"
6,2002,NA,NA,"E.6","E.6.2"
7,2009,NA,NA,"E.6","E.6.2"
8,2002,NA,NA,"E.6","E.6.2"
9,2012,NA,NA,"E.6","E.6.2"
10,2012,NA,NA,"E.6","E.6.2"
1,2013,19,5,"E.3","E.3.3"
2,2002,14,0,"E.3","E.3.3"
3,2010,23,0,"E.3","E.3.3"
4,2016,13,0,"E.3","E.3.3"
5,2002,15,0,"E.3","E.3.3"
6,2002,15,0,"E.3","E.3.3"
7,2009,18,0,"E.3","E.3.3"
8,2002,13,5,"E.3","E.3.3"
9,2012,12,2,"E.3","E.3.3"
10,2012,11,15,"E.3","E.3.3"
1,2013,3,0,"E.2","E.2.4"
2,2002,2,0,"E.2","E.2.4"
3,2010,3,0,"E.2","E.2.4"
4,2016,3,0,"E.2","E.2.4"
5,2002,5,0,"E.2","E.2.4"
6,2002,3,0,"E.2","E.2.4"
7,2009,1,0,"E.2","E.2.4"
8,2002,1,0,"E.2","E.2.4"
9,2012,0,0,"E.2","E.2.4"
10,2012,0,0,"E.2","E.2.4"
1,2013,13,9,"E.2","E.2.5"
2,2002,9,0,"E.2","E.2.5"
3,2010,22,0,"E.2","E.2.5"
4,2016,9,0,"E.2","E.2.5"
5,2002,10,6,"E.2","E.2.5"
6,2002,10,0,"E.2","E.2.5"
7,2009,12,0,"E.2","E.2.5"
8,2002,10,0,"E.2","E.2.5"
9,2012,11,1,"E.2","E.2.5"
10,2012,15,8,"E.2","E.2.5"
1,2013,0,0,"W.2","W.2.6"
2,2002,0,0,"W.2","W.2.6"
3,2010,NA,NA,"W.2","W.2.6"
4,2016,NA,NA,"W.2","W.2.6"
5,2002,NA,NA,"W.2","W.2.6"
6,2002,NA,NA,"W.2","W.2.6"
7,2009,NA,NA,"W.2","W.2.6"
8,2002,NA,NA,"W.2","W.2.6"
9,2012,NA,NA,"W.2","W.2.6"
10,2012,NA,NA,"W.2","W.2.6"
1,2013,14,6,"E.4","E.4.7"
2,2002,14,0,"E.4","E.4.7"
3,2010,17,5,"E.4","E.4.7"
4,2016,14,0,"E.4","E.4.7"
5,2002,10,4,"E.4","E.4.7"
6,2002,15,0,"E.4","E.4.7"
7,2009,16,0,"E.4","E.4.7"
8,2002,13,11,"E.4","E.4.7"
9,2012,11,5,"E.4","E.4.7"
10,2012,11,3,"E.4","E.4.7"
1,2013,12,1,"E.5","E.5.8"
2,2002,0,0,"E.5","E.5.8"
3,2010,0,0,"E.5","E.5.8"
4,2016,NA,NA,"E.5","E.5.8"
5,2002,NA,NA,"E.5","E.5.8"
6,2002,NA,NA,"E.5","E.5.8"
7,2009,NA,NA,"E.5","E.5.8"
8,2002,NA,NA,"E.5","E.5.8"
9,2012,NA,NA,"E.5","E.5.8"
10,2012,NA,NA,"E.5","E.5.8"
1,2013,20,13,"E.5","E.5.9"
2,2002,0,0,"E.5","E.5.9"
3,2010,0,0,"E.5","E.5.9"
4,2016,NA,NA,"E.5","E.5.9"
5,2002,NA,NA,"E.5","E.5.9"
6,2002,NA,NA,"E.5","E.5.9"
7,2009,NA,NA,"E.5","E.5.9"
8,2002,NA,NA,"E.5","E.5.9"
9,2012,NA,NA,"E.5","E.5.9"
10,2012,NA,NA,"E.5","E.5.9"
1,2013,2,0,"E.5","E.5.10"
2,2002,8,0,"E.5","E.5.10"
3,2010,10,0,"E.5","E.5.10"
4,2016,8,0,"E.5","E.5.10"
5,2002,7,0,"E.5","E.5.10"
6,2002,8,0,"E.5","E.5.10"
7,2009,5,0,"E.5","E.5.10"
8,2002,3,2,"E.5","E.5.10"
9,2012,7,0,"E.5","E.5.10"
10,2012,5,4,"E.5","E.5.10"
1,2013,18,12,"E.1","E.1.11"
2,2002,21,0,"E.1","E.1.11"
3,2010,27,0,"E.1","E.1.11"
4,2016,17,11,"E.1","E.1.11"
5,2002,20,0,"E.1","E.1.11"
6,2002,0,0,"E.1","E.1.11"
7,2009,0,0,"E.1","E.1.11"
8,2002,NA,NA,"E.1","E.1.11"
9,2012,NA,NA,"E.1","E.1.11"
10,2012,NA,NA,"E.1","E.1.11"
1,2013,19,8,"W.3","W.3.12"
2,2002,23,0,"W.3","W.3.12"
3,2010,35,0,"W.3","W.3.12"
4,2016,19,11,"W.3","W.3.12"
5,2002,22,4,"W.3","W.3.12"
6,2002,20,0,"W.3","W.3.12"
7,2009,25,3,"W.3","W.3.12"
8,2002,24,8,"W.3","W.3.12"
9,2012,22,0,"W.3","W.3.12"
10,2012,20,9,"W.3","W.3.12"
1,2013,11,0,"W.1","W.1.13"
2,2002,9,0,"W.1","W.1.13"
3,2010,18,0,"W.1","W.1.13"
4,2016,10,1,"W.1","W.1.13"
5,2002,10,5,"W.1","W.1.13"
6,2002,10,0,"W.1","W.1.13"
7,2009,15,0,"W.1","W.1.13"
8,2002,8,2,"W.1","W.1.13"
9,2012,12,0,"W.1","W.1.13"
10,2012,8,0,"W.1","W.1.13"
1,2013,19,0,"W.2","W.2.14"
2,2002,21,0,"W.2","W.2.14"
3,2010,37,8,"W.2","W.2.14"
4,2016,18,7,"W.2","W.2.14"
5,2002,23,5,"W.2","W.2.14"
6,2002,23,0,"W.2","W.2.14"
7,2009,22,0,"W.2","W.2.14"
8,2002,23,36,"W.2","W.2.14"
9,2012,18,0,"W.2","W.2.14"
10,2012,20,3,"W.2","W.2.14"
1,2013,0,0,"E.3","E.3.15"
2,2002,0,0,"E.3","E.3.15"
3,2010,NA,NA,"E.3","E.3.15"
4,2016,NA,NA,"E.3","E.3.15"
5,2002,NA,NA,"E.3","E.3.15"
6,2002,NA,NA,"E.3","E.3.15"
7,2009,NA,NA,"E.3","E.3.15"
8,2002,NA,NA,"E.3","E.3.15"
9,2012,NA,NA,"E.3","E.3.15"
10,2012,NA,NA,"E.3","E.3.15"
1,2013,0,0,"W.2","W.2.16"
2,2002,0,0,"W.2","W.2.16"
3,2010,NA,NA,"W.2","W.2.16"
4,2016,NA,NA,"W.2","W.2.16"
5,2002,NA,NA,"W.2","W.2.16"
6,2002,NA,NA,"W.2","W.2.16"
7,2009,NA,NA,"W.2","W.2.16"
8,2002,NA,NA,"W.2","W.2.16"
9,2012,NA,NA,"W.2","W.2.16"
10,2012,NA,NA,"W.2","W.2.16"
1,2013,15,0,"E.3","E.3.17"
2,2002,13,1,"E.3","E.3.17"
3,2010,26,0,"E.3","E.3.17"
4,2016,15,3,"E.3","E.3.17"
5,2002,11,10,"E.3","E.3.17"
6,2002,13,0,"E.3","E.3.17"
7,2009,15,0,"E.3","E.3.17"
8,2002,15,0,"E.3","E.3.17"
9,2012,12,0,"E.3","E.3.17"
10,2012,13,2,"E.3","E.3.17"
1,2013,0,0,"E.3","E.3.18"
2,2002,0,0,"E.3","E.3.18"
3,2010,NA,NA,"E.3","E.3.18"
4,2016,NA,NA,"E.3","E.3.18"
5,2002,NA,NA,"E.3","E.3.18"
6,2002,NA,NA,"E.3","E.3.18"
7,2009,NA,NA,"E.3","E.3.18"
8,2002,NA,NA,"E.3","E.3.18"
9,2012,NA,NA,"E.3","E.3.18"
10,2012,NA,NA,"E.3","E.3.18"
1,2013,14,1,"E.7","E.7.19"
2,2002,14,0,"E.7","E.7.19"
3,2010,22,0,"E.7","E.7.19"
4,2016,0,0,"E.7","E.7.19"
5,2002,0,0,"E.7","E.7.19"
6,2002,NA,NA,"E.7","E.7.19"
7,2009,NA,NA,"E.7","E.7.19"
8,2002,NA,NA,"E.7","E.7.19"
9,2012,NA,NA,"E.7","E.7.19"
10,2012,NA,NA,"E.7","E.7.19"
1,2013,21,0,"W.3","W.3.20"
2,2002,25,0,"W.3","W.3.20"
3,2010,38,0,"W.3","W.3.20"
4,2016,20,0,"W.3","W.3.20"
5,2002,24,11,"W.3","W.3.20"
6,2002,22,0,"W.3","W.3.20"
7,2009,26,4,"W.3","W.3.20"
8,2002,25,0,"W.3","W.3.20"
9,2012,23,2,"W.3","W.3.20"
10,2012,20,26,"W.3","W.3.20"
1,2013,20,0,"W.3","W.3.21"
2,2002,16,0,"W.3","W.3.21"
3,2010,29,0,"W.3","W.3.21"
4,2016,16,0,"W.3","W.3.21"
5,2002,13,14,"W.3","W.3.21"
6,2002,17,0,"W.3","W.3.21"
7,2009,15,0,"W.3","W.3.21"
8,2002,0,0,"W.3","W.3.21"
9,2012,0,0,"W.3","W.3.21"
10,2012,NA,NA,"W.3","W.3.21"
1,2013,12,13,"E.4","E.4.22"
2,2002,11,0,"E.4","E.4.22"
3,2010,25,0,"E.4","E.4.22"
4,2016,11,4,"E.4","E.4.22"
5,2002,16,0,"E.4","E.4.22"
6,2002,12,0,"E.4","E.4.22"
7,2009,12,0,"E.4","E.4.22"
8,2002,9,4,"E.4","E.4.22"
9,2012,14,2,"E.4","E.4.22"
10,2012,15,0,"E.4","E.4.22"
1,2013,8,7,"E.1","E.1.23"
2,2002,10,0,"E.1","E.1.23"
3,2010,13,0,"E.1","E.1.23"
4,2016,5,3,"E.1","E.1.23"
5,2002,12,0,"E.1","E.1.23"
6,2002,11,0,"E.1","E.1.23"
7,2009,6,0,"E.1","E.1.23"
8,2002,5,0,"E.1","E.1.23"
9,2012,7,0,"E.1","E.1.23"
10,2012,8,0,"E.1","E.1.23"
1,2013,26,11,"W.4","W.4.24"
2,2002,25,0,"W.4","W.4.24"
3,2010,44,0,"W.4","W.4.24"
4,2016,22,5,"W.4","W.4.24"
5,2002,27,14,"W.4","W.4.24"
6,2002,28,10,"W.4","W.4.24"
7,2009,29,0,"W.4","W.4.24"
8,2002,23,13,"W.4","W.4.24"
9,2012,24,0,"W.4","W.4.24"
10,2012,24,31,"W.4","W.4.24"
1,2013,29,0,"E.1","E.1.25"
2,2002,29,7,"E.1","E.1.25"
3,2010,45,0,"E.1","E.1.25"
4,2016,25,11,"E.1","E.1.25"
5,2002,28,12,"E.1","E.1.25"
6,2002,27,4,"E.1","E.1.25"
7,2009,31,0,"E.1","E.1.25"
8,2002,27,0,"E.1","E.1.25"
9,2012,23,5,"E.1","E.1.25"
10,2012,27,6,"E.1","E.1.25"
1,2013,20,15,"W.1","W.1.26"
2,2002,17,1,"W.1","W.1.26"
3,2010,31,0,"W.1","W.1.26"
4,2016,18,1,"W.1","W.1.26"
5,2002,18,8,"W.1","W.1.26"
6,2002,17,4,"W.1","W.1.26"
7,2009,19,0,"W.1","W.1.26"
8,2002,18,0,"W.1","W.1.26"
9,2012,19,0,"W.1","W.1.26"
10,2012,20,12,"W.1","W.1.26"
1,2013,14,5,"W.2","W.2.27"
2,2002,15,0,"W.2","W.2.27"
3,2010,22,2,"W.2","W.2.27"
4,2016,11,3,"W.2","W.2.27"
5,2002,14,7,"W.2","W.2.27"
6,2002,11,0,"W.2","W.2.27"
7,2009,12,0,"W.2","W.2.27"
8,2002,14,0,"W.2","W.2.27"
9,2012,15,0,"W.2","W.2.27"
10,2012,13,4,"W.2","W.2.27"
1,2013,22,12,"E.1","E.1.28"
2,2002,20,0,"E.1","E.1.28"
3,2010,35,0,"E.1","E.1.28"
4,2016,20,9,"E.1","E.1.28"
5,2002,22,7,"E.1","E.1.28"
6,2002,22,3,"E.1","E.1.28"
7,2009,17,4,"E.1","E.1.28"
8,2002,22,5,"E.1","E.1.28"
9,2012,17,0,"E.1","E.1.28"
10,2012,20,22,"E.1","E.1.28"
1,2013,10,7,"E.3","E.3.29"
2,2002,12,0,"E.3","E.3.29"
3,2010,19,1,"E.3","E.3.29"
4,2016,11,0,"E.3","E.3.29"
5,2002,9,0,"E.3","E.3.29"
6,2002,0,0,"E.3","E.3.29"
7,2009,0,0,"E.3","E.3.29"
8,2002,NA,NA,"E.3","E.3.29"
9,2012,NA,NA,"E.3","E.3.29"
10,2012,NA,NA,"E.3","E.3.29"
1,2013,16,0,"E.7","E.7.30"
2,2002,10,0,"E.7","E.7.30"
3,2010,25,0,"E.7","E.7.30"
4,2016,13,2,"E.7","E.7.30"
5,2002,10,7,"E.7","E.7.30"
6,2002,15,0,"E.7","E.7.30"
7,2009,12,0,"E.7","E.7.30"
8,2002,11,4,"E.7","E.7.30"
9,2012,13,0,"E.7","E.7.30"
10,2012,0,0,"E.7","E.7.30"
1,2013,5,0,"W.3","W.3.31"
2,2002,7,0,"W.3","W.3.31"
3,2010,11,0,"W.3","W.3.31"
4,2016,6,0,"W.3","W.3.31"
5,2002,5,0,"W.3","W.3.31"
6,2002,4,0,"W.3","W.3.31"
7,2009,4,0,"W.3","W.3.31"
8,2002,4,0,"W.3","W.3.31"
9,2012,0,0,"W.3","W.3.31"
10,2012,0,0,"W.3","W.3.31"
1,2013,14,0,"W.5","W.5.32"
2,2002,15,0,"W.5","W.5.32"
3,2010,25,0,"W.5","W.5.32"
4,2016,13,5,"W.5","W.5.32"
5,2002,17,10,"W.5","W.5.32"
6,2002,14,0,"W.5","W.5.32"
7,2009,17,0,"W.5","W.5.32"
8,2002,13,0,"W.5","W.5.32"
9,2012,12,9,"W.5","W.5.32"
10,2012,18,7,"W.5","W.5.32"
1,2013,9,0,"E.5","E.5.33"
2,2002,8,0,"E.5","E.5.33"
3,2010,9,0,"E.5","E.5.33"
4,2016,4,0,"E.5","E.5.33"
5,2002,9,0,"E.5","E.5.33"
6,2002,4,0,"E.5","E.5.33"
7,2009,4,0,"E.5","E.5.33"
8,2002,8,0,"E.5","E.5.33"
9,2012,5,0,"E.5","E.5.33"
10,2012,1,0,"E.5","E.5.33"
1,2013,17,0,"E.4","E.4.34"
2,2002,16,0,"E.4","E.4.34"
3,2010,26,1,"E.4","E.4.34"
4,2016,16,0,"E.4","E.4.34"
5,2002,0,0,"E.4","E.4.34"
6,2002,0,0,"E.4","E.4.34"
7,2009,NA,NA,"E.4","E.4.34"
8,2002,NA,NA,"E.4","E.4.34"
9,2012,NA,NA,"E.4","E.4.34"
10,2012,NA,NA,"E.4","E.4.34"
1,2013,7,0,"E.4","E.4.35"
2,2002,13,0,"E.4","E.4.35"
3,2010,13,0,"E.4","E.4.35"
4,2016,8,0,"E.4","E.4.35"
5,2002,9,0,"E.4","E.4.35"
6,2002,10,0,"E.4","E.4.35"
7,2009,0,0,"E.4","E.4.35"
8,2002,0,0,"E.4","E.4.35"
9,2012,NA,NA,"E.4","E.4.35"
10,2012,NA,NA,"E.4","E.4.35"
1,2013,20,12,"W.1","W.1.36"
2,2002,18,0,"W.1","W.1.36"
3,2010,34,0,"W.1","W.1.36"
4,2016,19,12,"W.1","W.1.36"
5,2002,21,17,"W.1","W.1.36"
6,2002,22,0,"W.1","W.1.36"
7,2009,22,0,"W.1","W.1.36"
8,2002,19,6,"W.1","W.1.36"
9,2012,16,0,"W.1","W.1.36"
10,2012,21,8,"W.1","W.1.36"
1,2013,17,4,"E.5","E.5.37"
2,2002,14,0,"E.5","E.5.37"
3,2010,29,0,"E.5","E.5.37"
4,2016,17,0,"E.5","E.5.37"
5,2002,20,6,"E.5","E.5.37"
6,2002,15,0,"E.5","E.5.37"
7,2009,17,0,"E.5","E.5.37"
8,2002,14,13,"E.5","E.5.37"
9,2012,13,0,"E.5","E.5.37"
10,2012,16,0,"E.5","E.5.37"
1,2013,23,13,"W.3","W.3.38"
2,2002,22,8,"W.3","W.3.38"
3,2010,34,0,"W.3","W.3.38"
4,2016,20,0,"W.3","W.3.38"
5,2002,18,7,"W.3","W.3.38"
6,2002,18,0,"W.3","W.3.38"
7,2009,20,1,"W.3","W.3.38"
8,2002,21,16,"W.3","W.3.38"
9,2012,18,0,"W.3","W.3.38"
10,2012,16,9,"W.3","W.3.38"
1,2013,28,0,"E.4","E.4.39"
2,2002,24,4,"E.4","E.4.39"
3,2010,43,0,"E.4","E.4.39"
4,2016,23,0,"E.4","E.4.39"
5,2002,24,8,"E.4","E.4.39"
6,2002,21,0,"E.4","E.4.39"
7,2009,29,0,"E.4","E.4.39"
8,2002,25,12,"E.4","E.4.39"
9,2012,24,0,"E.4","E.4.39"
10,2012,24,19,"E.4","E.4.39"
1,2013,30,0,"E.3","E.3.40"
2,2002,28,0,"E.3","E.3.40"
3,2010,50,0,"E.3","E.3.40"
4,2016,29,1,"E.3","E.3.40"
5,2002,29,19,"E.3","E.3.40"
6,2002,26,0,"E.3","E.3.40"
7,2009,32,0,"E.3","E.3.40"
8,2002,24,0,"E.3","E.3.40"
9,2012,24,0,"E.3","E.3.40"
10,2012,29,9,"E.3","E.3.40"
1,2013,0,0,"W.5","W.5.41"
2,2002,0,0,"W.5","W.5.41"
3,2010,NA,NA,"W.5","W.5.41"
4,2016,NA,NA,"W.5","W.5.41"
5,2002,NA,NA,"W.5","W.5.41"
6,2002,NA,NA,"W.5","W.5.41"
7,2009,NA,NA,"W.5","W.5.41"
8,2002,NA,NA,"W.5","W.5.41"
9,2012,NA,NA,"W.5","W.5.41"
10,2012,NA,NA,"W.5","W.5.41"
1,2013,0,0,"E.1","E.1.42"
2,2002,0,0,"E.1","E.1.42"
3,2010,NA,NA,"E.1","E.1.42"
4,2016,NA,NA,"E.1","E.1.42"
5,2002,NA,NA,"E.1","E.1.42"
6,2002,NA,NA,"E.1","E.1.42"
7,2009,NA,NA,"E.1","E.1.42"
8,2002,NA,NA,"E.1","E.1.42"
9,2012,NA,NA,"E.1","E.1.42"
10,2012,NA,NA,"E.1","E.1.42"
1,2013,22,5,"E.7","E.7.43"
2,2002,21,0,"E.7","E.7.43"
3,2010,32,0,"E.7","E.7.43"
4,2016,13,0,"E.7","E.7.43"
5,2002,19,2,"E.7","E.7.43"
6,2002,19,0,"E.7","E.7.43"
7,2009,24,0,"E.7","E.7.43"
8,2002,23,7,"E.7","E.7.43"
9,2012,18,7,"E.7","E.7.43"
10,2012,19,24,"E.7","E.7.43"
1,2013,13,0,"W.4","W.4.44"
2,2002,12,0,"W.4","W.4.44"
3,2010,26,0,"W.4","W.4.44"
4,2016,12,7,"W.4","W.4.44"
5,2002,13,1,"W.4","W.4.44"
6,2002,17,0,"W.4","W.4.44"
7,2009,15,0,"W.4","W.4.44"
8,2002,11,14,"W.4","W.4.44"
9,2012,13,0,"W.4","W.4.44"
10,2012,14,11,"W.4","W.4.44"
1,2013,5,0,"W.2","W.2.45"
2,2002,6,0,"W.2","W.2.45"
3,2010,15,0,"W.2","W.2.45"
4,2016,8,0,"W.2","W.2.45"
5,2002,7,0,"W.2","W.2.45"
6,2002,9,0,"W.2","W.2.45"
7,2009,8,0,"W.2","W.2.45"
8,2002,4,0,"W.2","W.2.45"
9,2012,8,0,"W.2","W.2.45"
10,2012,4,0,"W.2","W.2.45"
1,2013,33,26,"E.5","E.5.46"
2,2002,28,0,"E.5","E.5.46"
3,2010,46,9,"E.5","E.5.46"
4,2016,28,3,"E.5","E.5.46"
5,2002,29,17,"E.5","E.5.46"
6,2002,30,0,"E.5","E.5.46"
7,2009,27,14,"E.5","E.5.46"
8,2002,26,0,"E.5","E.5.46"
9,2012,27,0,"E.5","E.5.46"
10,2012,27,22,"E.5","E.5.46"
1,2013,35,29,"W.4","W.4.47"
2,2002,36,0,"W.4","W.4.47"
3,2010,65,10,"W.4","W.4.47"
4,2016,34,13,"W.4","W.4.47"
5,2002,37,8,"W.4","W.4.47"
6,2002,36,0,"W.4","W.4.47"
7,2009,43,0,"W.4","W.4.47"
8,2002,40,44,"W.4","W.4.47"
9,2012,32,0,"W.4","W.4.47"
10,2012,35,17,"W.4","W.4.47"
1,2013,0,0,"W.2","W.2.48"
2,2002,0,0,"W.2","W.2.48"
3,2010,NA,NA,"W.2","W.2.48"
4,2016,NA,NA,"W.2","W.2.48"
5,2002,NA,NA,"W.2","W.2.48"
6,2002,NA,NA,"W.2","W.2.48"
7,2009,NA,NA,"W.2","W.2.48"
8,2002,NA,NA,"W.2","W.2.48"
9,2012,NA,NA,"W.2","W.2.48"
10,2012,NA,NA,"W.2","W.2.48"
1,2013,21,0,"W.2","W.2.49"
2,2002,18,0,"W.2","W.2.49"
3,2010,25,0,"W.2","W.2.49"
4,2016,17,2,"W.2","W.2.49"
5,2002,17,4,"W.2","W.2.49"
6,2002,18,0,"W.2","W.2.49"
7,2009,19,0,"W.2","W.2.49"
8,2002,19,15,"W.2","W.2.49"
9,2012,17,0,"W.2","W.2.49"
10,2012,14,11,"W.2","W.2.49"
1,2013,15,0,"W.2","W.2.50"
2,2002,15,0,"W.2","W.2.50"
3,2010,33,2,"W.2","W.2.50"
4,2016,12,3,"W.2","W.2.50"
5,2002,17,0,"W.2","W.2.50"
6,2002,19,0,"W.2","W.2.50"
7,2009,14,0,"W.2","W.2.50"
8,2002,19,0,"W.2","W.2.50"
9,2012,0,0,"W.2","W.2.50"
10,2012,0,0,"W.2","W.2.50"
1,2013,11,0,"W.3","W.3.51"
2,2002,18,9,"W.3","W.3.51"
3,2010,25,0,"W.3","W.3.51"
4,2016,14,13,"W.3","W.3.51"
5,2002,12,17,"W.3","W.3.51"
6,2002,13,0,"W.3","W.3.51"
7,2009,12,4,"W.3","W.3.51"
8,2002,11,5,"W.3","W.3.51"
9,2012,15,0,"W.3","W.3.51"
10,2012,14,12,"W.3","W.3.51"
1,2013,25,6,"E.3","E.3.52"
2,2002,24,1,"E.3","E.3.52"
3,2010,39,0,"E.3","E.3.52"
4,2016,19,8,"E.3","E.3.52"
5,2002,23,0,"E.3","E.3.52"
6,2002,25,0,"E.3","E.3.52"
7,2009,22,7,"E.3","E.3.52"
8,2002,27,4,"E.3","E.3.52"
9,2012,20,5,"E.3","E.3.52"
10,2012,0,0,"E.3","E.3.52"
1,2013,7,5,"W.2","W.2.53"
2,2002,8,0,"W.2","W.2.53"
3,2010,10,0,"W.2","W.2.53"
4,2016,6,0,"W.2","W.2.53"
5,2002,4,1,"W.2","W.2.53"
6,2002,9,0,"W.2","W.2.53"
7,2009,7,0,"W.2","W.2.53"
8,2002,3,1,"W.2","W.2.53"
9,2012,0,0,"W.2","W.2.53"
10,2012,0,0,"W.2","W.2.53"
1,2013,12,0,"E.7","E.7.54"
2,2002,13,0,"E.7","E.7.54"
3,2010,22,0,"E.7","E.7.54"
4,2016,14,0,"E.7","E.7.54"
5,2002,12,1,"E.7","E.7.54"
6,2002,16,0,"E.7","E.7.54"
7,2009,15,0,"E.7","E.7.54"
8,2002,11,2,"E.7","E.7.54"
9,2012,8,0,"E.7","E.7.54"
10,2012,11,0,"E.7","E.7.54"
1,2013,12,5,"E.1","E.1.55"
2,2002,11,0,"E.1","E.1.55"
3,2010,23,0,"E.1","E.1.55"
4,2016,10,3,"E.1","E.1.55"
5,2002,14,1,"E.1","E.1.55"
6,2002,13,0,"E.1","E.1.55"
7,2009,14,0,"E.1","E.1.55"
8,2002,10,0,"E.1","E.1.55"
9,2012,15,0,"E.1","E.1.55"
10,2012,15,16,"E.1","E.1.55"
1,2013,32,18,"E.4","E.4.56"
2,2002,31,0,"E.4","E.4.56"
3,2010,50,0,"E.4","E.4.56"
4,2016,31,7,"E.4","E.4.56"
5,2002,30,24,"E.4","E.4.56"
6,2002,28,12,"E.4","E.4.56"
7,2009,35,1,"E.4","E.4.56"
8,2002,28,7,"E.4","E.4.56"
9,2012,29,17,"E.4","E.4.56"
10,2012,27,18,"E.4","E.4.56"
1,2013,0,0,"W.5","W.5.57"
2,2002,0,0,"W.5","W.5.57"
3,2010,NA,NA,"W.5","W.5.57"
4,2016,NA,NA,"W.5","W.5.57"
5,2002,NA,NA,"W.5","W.5.57"
6,2002,NA,NA,"W.5","W.5.57"
7,2009,NA,NA,"W.5","W.5.57"
8,2002,NA,NA,"W.5","W.5.57"
9,2012,NA,NA,"W.5","W.5.57"
10,2012,NA,NA,"W.5","W.5.57"
1,2013,18,7,"E.5","E.5.58"
2,2002,19,0,"E.5","E.5.58"
3,2010,33,0,"E.5","E.5.58"
4,2016,17,9,"E.5","E.5.58"
5,2002,17,4,"E.5","E.5.58"
6,2002,16,3,"E.5","E.5.58"
7,2009,20,3,"E.5","E.5.58"
8,2002,20,12,"E.5","E.5.58"
9,2012,16,0,"E.5","E.5.58"
10,2012,18,7,"E.5","E.5.58"
1,2013,23,0,"W.3","W.3.59"
2,2002,24,2,"W.3","W.3.59"
3,2010,40,0,"W.3","W.3.59"
4,2016,21,0,"W.3","W.3.59"
5,2002,22,13,"W.3","W.3.59"
6,2002,22,5,"W.3","W.3.59"
7,2009,24,13,"W.3","W.3.59"
8,2002,23,0,"W.3","W.3.59"
9,2012,23,0,"W.3","W.3.59"
10,2012,17,34,"W.3","W.3.59"
1,2013,23,14,"E.2","E.2.60"
2,2002,20,0,"E.2","E.2.60"
3,2010,35,0,"E.2","E.2.60"
4,2016,0,0,"E.2","E.2.60"
5,2002,0,0,"E.2","E.2.60"
6,2002,NA,NA,"E.2","E.2.60"
7,2009,NA,NA,"E.2","E.2.60"
8,2002,NA,NA,"E.2","E.2.60"
9,2012,NA,NA,"E.2","E.2.60"
10,2012,NA,NA,"E.2","E.2.60"
1,2013,0,0,"E.6","E.6.61"
2,2002,0,0,"E.6","E.6.61"
3,2010,NA,NA,"E.6","E.6.61"
4,2016,NA,NA,"E.6","E.6.61"
5,2002,NA,NA,"E.6","E.6.61"
6,2002,NA,NA,"E.6","E.6.61"
7,2009,NA,NA,"E.6","E.6.61"
8,2002,NA,NA,"E.6","E.6.61"
9,2012,NA,NA,"E.6","E.6.61"
10,2012,NA,NA,"E.6","E.6.61"
1,2013,4,0,"W.1","W.1.62"
2,2002,5,0,"W.1","W.1.62"
3,2010,6,0,"W.1","W.1.62"
4,2016,2,0,"W.1","W.1.62"
5,2002,3,0,"W.1","W.1.62"
6,2002,3,0,"W.1","W.1.62"
7,2009,2,0,"W.1","W.1.62"
8,2002,5,0,"W.1","W.1.62"
9,2012,7,0,"W.1","W.1.62"
10,2012,5,0,"W.1","W.1.62"
1,2013,19,0,"E.3","E.3.63"
2,2002,15,0,"E.3","E.3.63"
3,2010,32,4,"E.3","E.3.63"
4,2016,17,6,"E.3","E.3.63"
5,2002,18,3,"E.3","E.3.63"
6,2002,0,0,"E.3","E.3.63"
7,2009,0,0,"E.3","E.3.63"
8,2002,NA,NA,"E.3","E.3.63"
9,2012,NA,NA,"E.3","E.3.63"
10,2012,NA,NA,"E.3","E.3.63"
1,2013,14,7,"E.2","E.2.64"
2,2002,17,0,"E.2","E.2.64"
3,2010,27,0,"E.2","E.2.64"
4,2016,0,0,"E.2","E.2.64"
5,2002,0,0,"E.2","E.2.64"
6,2002,NA,NA,"E.2","E.2.64"
7,2009,NA,NA,"E.2","E.2.64"
8,2002,NA,NA,"E.2","E.2.64"
9,2012,NA,NA,"E.2","E.2.64"
10,2012,NA,NA,"E.2","E.2.64"
1,2013,0,0,"W.1","W.1.65"
2,2002,0,0,"W.1","W.1.65"
3,2010,NA,NA,"W.1","W.1.65"
4,2016,NA,NA,"W.1","W.1.65"
5,2002,NA,NA,"W.1","W.1.65"
6,2002,NA,NA,"W.1","W.1.65"
7,2009,NA,NA,"W.1","W.1.65"
8,2002,NA,NA,"W.1","W.1.65"
9,2012,NA,NA,"W.1","W.1.65"
10,2012,NA,NA,"W.1","W.1.65"
1,2013,16,5,"E.2","E.2.66"
2,2002,13,0,"E.2","E.2.66"
3,2010,24,1,"E.2","E.2.66"
4,2016,12,0,"E.2","E.2.66"
5,2002,14,0,"E.2","E.2.66"
6,2002,16,2,"E.2","E.2.66"
7,2009,11,0,"E.2","E.2.66"
8,2002,16,0,"E.2","E.2.66"
9,2012,9,4,"E.2","E.2.66"
10,2012,12,7,"E.2","E.2.66"
1,2013,22,0,"W.2","W.2.67"
2,2002,20,0,"W.2","W.2.67"
3,2010,36,3,"W.2","W.2.67"
4,2016,24,3,"W.2","W.2.67"
5,2002,19,12,"W.2","W.2.67"
6,2002,20,0,"W.2","W.2.67"
7,2009,26,0,"W.2","W.2.67"
8,2002,23,27,"W.2","W.2.67"
9,2012,21,0,"W.2","W.2.67"
10,2012,24,0,"W.2","W.2.67"
1,2013,0,0,"E.2","E.2.68"
2,2002,0,0,"E.2","E.2.68"
3,2010,NA,NA,"E.2","E.2.68"
4,2016,NA,NA,"E.2","E.2.68"
5,2002,NA,NA,"E.2","E.2.68"
6,2002,NA,NA,"E.2","E.2.68"
7,2009,NA,NA,"E.2","E.2.68"
8,2002,NA,NA,"E.2","E.2.68"
9,2012,NA,NA,"E.2","E.2.68"
10,2012,NA,NA,"E.2","E.2.68"
1,2013,25,0,"E.1","E.1.69"
2,2002,23,0,"E.1","E.1.69"
3,2010,39,0,"E.1","E.1.69"
4,2016,22,0,"E.1","E.1.69"
5,2002,21,0,"E.1","E.1.69"
6,2002,26,0,"E.1","E.1.69"
7,2009,22,0,"E.1","E.1.69"
8,2002,25,13,"E.1","E.1.69"
9,2012,22,5,"E.1","E.1.69"
10,2012,21,21,"E.1","E.1.69"
1,2013,19,0,"W.2","W.2.70"
2,2002,18,0,"W.2","W.2.70"
3,2010,38,0,"W.2","W.2.70"
4,2016,19,0,"W.2","W.2.70"
5,2002,19,12,"W.2","W.2.70"
6,2002,21,0,"W.2","W.2.70"
7,2009,22,0,"W.2","W.2.70"
8,2002,21,9,"W.2","W.2.70"
9,2012,15,0,"W.2","W.2.70"
10,2012,20,7,"W.2","W.2.70"
1,2013,14,11,"E.2","E.2.71"
2,2002,18,0,"E.2","E.2.71"
3,2010,29,0,"E.2","E.2.71"
4,2016,14,2,"E.2","E.2.71"
5,2002,18,3,"E.2","E.2.71"
6,2002,19,0,"E.2","E.2.71"
7,2009,20,8,"E.2","E.2.71"
8,2002,17,0,"E.2","E.2.71"
9,2012,15,7,"E.2","E.2.71"
10,2012,17,7,"E.2","E.2.71"
1,2013,28,11,"E.4","E.4.72"
2,2002,30,4,"E.4","E.4.72"
3,2010,52,0,"E.4","E.4.72"
4,2016,24,7,"E.4","E.4.72"
5,2002,28,1,"E.4","E.4.72"
6,2002,27,3,"E.4","E.4.72"
7,2009,31,4,"E.4","E.4.72"
8,2002,30,7,"E.4","E.4.72"
9,2012,28,0,"E.4","E.4.72"
10,2012,31,11,"E.4","E.4.72"
1,2013,11,0,"W.2","W.2.73"
2,2002,8,0,"W.2","W.2.73"
3,2010,17,0,"W.2","W.2.73"
4,2016,9,0,"W.2","W.2.73"
5,2002,7,0,"W.2","W.2.73"
6,2002,9,0,"W.2","W.2.73"
7,2009,10,0,"W.2","W.2.73"
8,2002,12,1,"W.2","W.2.73"
9,2012,13,0,"W.2","W.2.73"
10,2012,0,0,"W.2","W.2.73"
1,2013,15,1,"E.3","E.3.74"
2,2002,14,0,"E.3","E.3.74"
3,2010,23,0,"E.3","E.3.74"
4,2016,12,0,"E.3","E.3.74"
5,2002,16,4,"E.3","E.3.74"
6,2002,12,0,"E.3","E.3.74"
7,2009,16,0,"E.3","E.3.74"
8,2002,12,10,"E.3","E.3.74"
9,2012,12,0,"E.3","E.3.74"
10,2012,9,1,"E.3","E.3.74"
1,2013,22,12,"E.6","E.6.75"
2,2002,0,0,"E.6","E.6.75"
3,2010,0,0,"E.6","E.6.75"
4,2016,NA,NA,"E.6","E.6.75"
5,2002,NA,NA,"E.6","E.6.75"
6,2002,NA,NA,"E.6","E.6.75"
7,2009,NA,NA,"E.6","E.6.75"
8,2002,NA,NA,"E.6","E.6.75"
9,2012,NA,NA,"E.6","E.6.75"
10,2012,NA,NA,"E.6","E.6.75"
1,2013,12,0,"W.2","W.2.76"
2,2002,11,0,"W.2","W.2.76"
3,2010,19,0,"W.2","W.2.76"
4,2016,9,1,"W.2","W.2.76"
5,2002,13,4,"W.2","W.2.76"
6,2002,9,4,"W.2","W.2.76"
7,2009,14,0,"W.2","W.2.76"
8,2002,9,4,"W.2","W.2.76"
9,2012,7,0,"W.2","W.2.76"
10,2012,8,2,"W.2","W.2.76"
1,2013,18,11,"E.5","E.5.77"
2,2002,21,0,"E.5","E.5.77"
3,2010,31,0,"E.5","E.5.77"
4,2016,15,0,"E.5","E.5.77"
5,2002,18,0,"E.5","E.5.77"
6,2002,15,0,"E.5","E.5.77"
7,2009,20,4,"E.5","E.5.77"
8,2002,18,5,"E.5","E.5.77"
9,2012,15,4,"E.5","E.5.77"
10,2012,0,0,"E.5","E.5.77"
1,2013,7,0,"E.4","E.4.78"
2,2002,0,0,"E.4","E.4.78"
3,2010,0,0,"E.4","E.4.78"
4,2016,NA,NA,"E.4","E.4.78"
5,2002,NA,NA,"E.4","E.4.78"
6,2002,NA,NA,"E.4","E.4.78"
7,2009,NA,NA,"E.4","E.4.78"
8,2002,NA,NA,"E.4","E.4.78"
9,2012,NA,NA,"E.4","E.4.78"
10,2012,NA,NA,"E.4","E.4.78"
1,2013,0,0,"W.5","W.5.79"
2,2002,0,0,"W.5","W.5.79"
3,2010,NA,NA,"W.5","W.5.79"
4,2016,NA,NA,"W.5","W.5.79"
5,2002,NA,NA,"W.5","W.5.79"
6,2002,NA,NA,"W.5","W.5.79"
7,2009,NA,NA,"W.5","W.5.79"
8,2002,NA,NA,"W.5","W.5.79"
9,2012,NA,NA,"W.5","W.5.79"
10,2012,NA,NA,"W.5","W.5.79"
1,2013,8,0,"E.7","E.7.80"
2,2002,1,0,"E.7","E.7.80"
3,2010,8,0,"E.7","E.7.80"
4,2016,4,0,"E.7","E.7.80"
5,2002,3,0,"E.7","E.7.80"
6,2002,4,0,"E.7","E.7.80"
7,2009,3,0,"E.7","E.7.80"
8,2002,5,1,"E.7","E.7.80"
9,2012,5,0,"E.7","E.7.80"
10,2012,3,0,"E.7","E.7.80"
1,2013,9,0,"W.5","W.5.81"
2,2002,7,0,"W.5","W.5.81"
3,2010,9,0,"W.5","W.5.81"
4,2016,9,0,"W.5","W.5.81"
5,2002,8,0,"W.5","W.5.81"
6,2002,0,0,"W.5","W.5.81"
7,2009,0,0,"W.5","W.5.81"
8,2002,NA,NA,"W.5","W.5.81"
9,2012,NA,NA,"W.5","W.5.81"
10,2012,NA,NA,"W.5","W.5.81"
1,2013,13,3,"E.6","E.6.82"
2,2002,13,0,"E.6","E.6.82"
3,2010,26,0,"E.6","E.6.82"
4,2016,14,1,"E.6","E.6.82"
5,2002,12,0,"E.6","E.6.82"
6,2002,0,0,"E.6","E.6.82"
7,2009,0,0,"E.6","E.6.82"
8,2002,NA,NA,"E.6","E.6.82"
9,2012,NA,NA,"E.6","E.6.82"
10,2012,NA,NA,"E.6","E.6.82"
1,2013,21,3,"E.4","E.4.83"
2,2002,17,0,"E.4","E.4.83"
3,2010,34,0,"E.4","E.4.83"
4,2016,15,8,"E.4","E.4.83"
5,2002,21,9,"E.4","E.4.83"
6,2002,19,0,"E.4","E.4.83"
7,2009,23,0,"E.4","E.4.83"
8,2002,0,0,"E.4","E.4.83"
9,2012,0,0,"E.4","E.4.83"
10,2012,NA,NA,"E.4","E.4.83"
1,2013,15,0,"E.2","E.2.84"
2,2002,12,0,"E.2","E.2.84"
3,2010,23,0,"E.2","E.2.84"
4,2016,12,0,"E.2","E.2.84"
5,2002,0,0,"E.2","E.2.84"
6,2002,0,0,"E.2","E.2.84"
7,2009,NA,NA,"E.2","E.2.84"
8,2002,NA,NA,"E.2","E.2.84"
9,2012,NA,NA,"E.2","E.2.84"
10,2012,NA,NA,"E.2","E.2.84"
1,2013,23,0,"W.1","W.1.85"
2,2002,26,0,"W.1","W.1.85"
3,2010,43,0,"W.1","W.1.85"
4,2016,26,33,"W.1","W.1.85"
5,2002,26,0,"W.1","W.1.85"
6,2002,23,0,"W.1","W.1.85"
7,2009,30,0,"W.1","W.1.85"
8,2002,24,7,"W.1","W.1.85"
9,2012,0,0,"W.1","W.1.85"
10,2012,0,0,"W.1","W.1.85"
1,2013,13,1,"E.2","E.2.86"
2,2002,15,0,"E.2","E.2.86"
3,2010,26,0,"E.2","E.2.86"
4,2016,19,0,"E.2","E.2.86"
5,2002,19,6,"E.2","E.2.86"
6,2002,0,0,"E.2","E.2.86"
7,2009,0,0,"E.2","E.2.86"
8,2002,NA,NA,"E.2","E.2.86"
9,2012,NA,NA,"E.2","E.2.86"
10,2012,NA,NA,"E.2","E.2.86"
1,2013,19,14,"E.6","E.6.87"
2,2002,17,0,"E.6","E.6.87"
3,2010,27,8,"E.6","E.6.87"
4,2016,9,0,"E.6","E.6.87"
5,2002,19,4,"E.6","E.6.87"
6,2002,16,3,"E.6","E.6.87"
7,2009,18,2,"E.6","E.6.87"
8,2002,16,12,"E.6","E.6.87"
9,2012,17,0,"E.6","E.6.87"
10,2012,11,0,"E.6","E.6.87"
1,2013,0,0,"E.5","E.5.88"
2,2002,0,0,"E.5","E.5.88"
3,2010,NA,NA,"E.5","E.5.88"
4,2016,NA,NA,"E.5","E.5.88"
5,2002,NA,NA,"E.5","E.5.88"
6,2002,NA,NA,"E.5","E.5.88"
7,2009,NA,NA,"E.5","E.5.88"
8,2002,NA,NA,"E.5","E.5.88"
9,2012,NA,NA,"E.5","E.5.88"
10,2012,NA,NA,"E.5","E.5.88"
1,2013,8,1,"W.5","W.5.89"
2,2002,10,0,"W.5","W.5.89"
3,2010,12,0,"W.5","W.5.89"
4,2016,7,1,"W.5","W.5.89"
5,2002,6,1,"W.5","W.5.89"
6,2002,6,0,"W.5","W.5.89"
7,2009,6,0,"W.5","W.5.89"
8,2002,6,0,"W.5","W.5.89"
9,2012,5,1,"W.5","W.5.89"
10,2012,8,0,"W.5","W.5.89"
1,2013,4,0,"E.7","E.7.90"
2,2002,0,0,"E.7","E.7.90"
3,2010,0,0,"E.7","E.7.90"
4,2016,NA,NA,"E.7","E.7.90"
5,2002,NA,NA,"E.7","E.7.90"
6,2002,NA,NA,"E.7","E.7.90"
7,2009,NA,NA,"E.7","E.7.90"
8,2002,NA,NA,"E.7","E.7.90"
9,2012,NA,NA,"E.7","E.7.90"
10,2012,NA,NA,"E.7","E.7.90"
1,2013,21,1,"E.4","E.4.91"
2,2002,17,0,"E.4","E.4.91"
3,2010,31,0,"E.4","E.4.91"
4,2016,17,0,"E.4","E.4.91"
5,2002,21,8,"E.4","E.4.91"
6,2002,17,2,"E.4","E.4.91"
7,2009,18,0,"E.4","E.4.91"
8,2002,17,16,"E.4","E.4.91"
9,2012,16,0,"E.4","E.4.91"
10,2012,19,9,"E.4","E.4.91"
1,2013,21,13,"E.4","E.4.92"
2,2002,18,0,"E.4","E.4.92"
3,2010,34,2,"E.4","E.4.92"
4,2016,21,4,"E.4","E.4.92"
5,2002,24,4,"E.4","E.4.92"
6,2002,21,0,"E.4","E.4.92"
7,2009,22,0,"E.4","E.4.92"
8,2002,21,3,"E.4","E.4.92"
9,2012,15,0,"E.4","E.4.92"
10,2012,21,16,"E.4","E.4.92"
1,2013,15,0,"E.6","E.6.93"
2,2002,0,0,"E.6","E.6.93"
3,2010,0,0,"E.6","E.6.93"
4,2016,NA,NA,"E.6","E.6.93"
5,2002,NA,NA,"E.6","E.6.93"
6,2002,NA,NA,"E.6","E.6.93"
7,2009,NA,NA,"E.6","E.6.93"
8,2002,NA,NA,"E.6","E.6.93"
9,2012,NA,NA,"E.6","E.6.93"
10,2012,NA,NA,"E.6","E.6.93"
1,2013,22,0,"W.3","W.3.94"
2,2002,19,13,"W.3","W.3.94"
3,2010,35,0,"W.3","W.3.94"
4,2016,16,10,"W.3","W.3.94"
5,2002,18,6,"W.3","W.3.94"
6,2002,21,0,"W.3","W.3.94"
7,2009,22,3,"W.3","W.3.94"
8,2002,23,5,"W.3","W.3.94"
9,2012,20,0,"W.3","W.3.94"
10,2012,14,0,"W.3","W.3.94"
1,2013,0,0,"W.3","W.3.95"
2,2002,0,0,"W.3","W.3.95"
3,2010,NA,NA,"W.3","W.3.95"
4,2016,NA,NA,"W.3","W.3.95"
5,2002,NA,NA,"W.3","W.3.95"
6,2002,NA,NA,"W.3","W.3.95"
7,2009,NA,NA,"W.3","W.3.95"
8,2002,NA,NA,"W.3","W.3.95"
9,2012,NA,NA,"W.3","W.3.95"
10,2012,NA,NA,"W.3","W.3.95"
1,2013,0,0,"E.6","E.6.96"
2,2002,0,0,"E.6","E.6.96"
3,2010,NA,NA,"E.6","E.6.96"
4,2016,NA,NA,"E.6","E.6.96"
5,2002,NA,NA,"E.6","E.6.96"
6,2002,NA,NA,"E.6","E.6.96"
7,2009,NA,NA,"E.6","E.6.96"
8,2002,NA,NA,"E.6","E.6.96"
9,2012,NA,NA,"E.6","E.6.96"
10,2012,NA,NA,"E.6","E.6.96"
1,2013,11,7,"W.3","W.3.97"
2,2002,16,0,"W.3","W.3.97"
3,2010,29,1,"W.3","W.3.97"
4,2016,17,0,"W.3","W.3.97"
5,2002,19,8,"W.3","W.3.97"
6,2002,14,1,"W.3","W.3.97"
7,2009,14,2,"W.3","W.3.97"
8,2002,14,3,"W.3","W.3.97"
9,2012,15,0,"W.3","W.3.97"
10,2012,14,0,"W.3","W.3.97"
1,2013,29,26,"E.1","E.1.98"
2,2002,25,19,"E.1","E.1.98"
3,2010,49,0,"E.1","E.1.98"
4,2016,24,11,"E.1","E.1.98"
5,2002,27,11,"E.1","E.1.98"
6,2002,29,0,"E.1","E.1.98"
7,2009,29,6,"E.1","E.1.98"
8,2002,27,10,"E.1","E.1.98"
9,2012,28,0,"E.1","E.1.98"
10,2012,26,36,"E.1","E.1.98"
1,2013,8,0,"E.5","E.5.99"
2,2002,12,0,"E.5","E.5.99"
3,2010,11,0,"E.5","E.5.99"
4,2016,9,0,"E.5","E.5.99"
5,2002,7,6,"E.5","E.5.99"
6,2002,11,0,"E.5","E.5.99"
7,2009,11,0,"E.5","E.5.99"
8,2002,7,0,"E.5","E.5.99"
9,2012,4,0,"E.5","E.5.99"
10,2012,7,15,"E.5","E.5.99"
1,2013,15,0,"E.4","E.4.100"
2,2002,17,0,"E.4","E.4.100"
3,2010,25,0,"E.4","E.4.100"
4,2016,14,3,"E.4","E.4.100"
5,2002,18,14,"E.4","E.4.100"
6,2002,18,3,"E.4","E.4.100"
7,2009,16,0,"E.4","E.4.100"
8,2002,22,13,"E.4","E.4.100"
9,2012,13,0,"E.4","E.4.100"
10,2012,19,9,"E.4","E.4.100"
1,2013,16,13,"E.3","E.3.101"
2,2002,14,0,"E.3","E.3.101"
3,2010,32,0,"E.3","E.3.101"
4,2016,14,12,"E.3","E.3.101"
5,2002,18,0,"E.3","E.3.101"
6,2002,0,0,"E.3","E.3.101"
7,2009,0,0,"E.3","E.3.101"
8,2002,NA,NA,"E.3","E.3.101"
9,2012,NA,NA,"E.3","E.3.101"
10,2012,NA,NA,"E.3","E.3.101"
1,2013,12,5,"E.7","E.7.102"
2,2002,13,0,"E.7","E.7.102"
3,2010,26,0,"E.7","E.7.102"
4,2016,14,4,"E.7","E.7.102"
5,2002,14,0,"E.7","E.7.102"
6,2002,12,11,"E.7","E.7.102"
7,2009,13,3,"E.7","E.7.102"
8,2002,11,0,"E.7","E.7.102"
9,2012,15,0,"E.7","E.7.102"
10,2012,15,10,"E.7","E.7.102"
1,2013,0,0,"W.2","W.2.103"
2,2002,0,0,"W.2","W.2.103"
3,2010,NA,NA,"W.2","W.2.103"
4,2016,NA,NA,"W.2","W.2.103"
5,2002,NA,NA,"W.2","W.2.103"
6,2002,NA,NA,"W.2","W.2.103"
7,2009,NA,NA,"W.2","W.2.103"
8,2002,NA,NA,"W.2","W.2.103"
9,2012,NA,NA,"W.2","W.2.103"
10,2012,NA,NA,"W.2","W.2.103"
1,2013,17,9,"E.3","E.3.104"
2,2002,22,1,"E.3","E.3.104"
3,2010,33,0,"E.3","E.3.104"
4,2016,15,5,"E.3","E.3.104"
5,2002,19,12,"E.3","E.3.104"
6,2002,24,0,"E.3","E.3.104"
7,2009,20,0,"E.3","E.3.104"
8,2002,17,4,"E.3","E.3.104"
9,2012,19,0,"E.3","E.3.104"
10,2012,19,21,"E.3","E.3.104"
1,2013,20,17,"E.1","E.1.105"
2,2002,21,0,"E.1","E.1.105"
3,2010,35,0,"E.1","E.1.105"
4,2016,20,0,"E.1","E.1.105"
5,2002,0,0,"E.1","E.1.105"
6,2002,0,0,"E.1","E.1.105"
7,2009,NA,NA,"E.1","E.1.105"
8,2002,NA,NA,"E.1","E.1.105"
9,2012,NA,NA,"E.1","E.1.105"
10,2012,NA,NA,"E.1","E.1.105"
1,2013,5,0,"E.6","E.6.106"
2,2002,7,0,"E.6","E.6.106"
3,2010,9,0,"E.6","E.6.106"
4,2016,7,0,"E.6","E.6.106"
5,2002,5,0,"E.6","E.6.106"
6,2002,9,0,"E.6","E.6.106"
7,2009,7,0,"E.6","E.6.106"
8,2002,0,0,"E.6","E.6.106"
9,2012,0,0,"E.6","E.6.106"
10,2012,NA,NA,"E.6","E.6.106"
1,2013,0,0,"W.1","W.1.107"
2,2002,0,0,"W.1","W.1.107"
3,2010,NA,NA,"W.1","W.1.107"
4,2016,NA,NA,"W.1","W.1.107"
5,2002,NA,NA,"W.1","W.1.107"
6,2002,NA,NA,"W.1","W.1.107"
7,2009,NA,NA,"W.1","W.1.107"
8,2002,NA,NA,"W.1","W.1.107"
9,2012,NA,NA,"W.1","W.1.107"
10,2012,NA,NA,"W.1","W.1.107"
1,2013,21,0,"E.4","E.4.108"
2,2002,22,0,"E.4","E.4.108"
3,2010,37,0,"E.4","E.4.108"
4,2016,19,4,"E.4","E.4.108"
5,2002,21,0,"E.4","E.4.108"
6,2002,19,12,"E.4","E.4.108"
7,2009,20,5,"E.4","E.4.108"
8,2002,23,7,"E.4","E.4.108"
9,2012,17,0,"E.4","E.4.108"
10,2012,27,41,"E.4","E.4.108"
1,2013,13,0,"E.1","E.1.109"
2,2002,14,0,"E.1","E.1.109"
3,2010,21,0,"E.1","E.1.109"
4,2016,15,0,"E.1","E.1.109"
5,2002,16,0,"E.1","E.1.109"
6,2002,12,0,"E.1","E.1.109"
7,2009,11,0,"E.1","E.1.109"
8,2002,13,0,"E.1","E.1.109"
9,2012,12,0,"E.1","E.1.109"
10,2012,14,0,"E.1","E.1.109"
1,2013,0,0,"W.4","W.4.110"
2,2002,0,0,"W.4","W.4.110"
3,2010,NA,NA,"W.4","W.4.110"
4,2016,NA,NA,"W.4","W.4.110"
5,2002,NA,NA,"W.4","W.4.110"
6,2002,NA,NA,"W.4","W.4.110"
7,2009,NA,NA,"W.4","W.4.110"
8,2002,NA,NA,"W.4","W.4.110"
9,2012,NA,NA,"W.4","W.4.110"
10,2012,NA,NA,"W.4","W.4.110"
1,2013,0,0,"W.3","W.3.111"
2,2002,0,0,"W.3","W.3.111"
3,2010,NA,NA,"W.3","W.3.111"
4,2016,NA,NA,"W.3","W.3.111"
5,2002,NA,NA,"W.3","W.3.111"
6,2002,NA,NA,"W.3","W.3.111"
7,2009,NA,NA,"W.3","W.3.111"
8,2002,NA,NA,"W.3","W.3.111"
9,2012,NA,NA,"W.3","W.3.111"
10,2012,NA,NA,"W.3","W.3.111"
1,2013,23,4,"E.7","E.7.112"
2,2002,23,0,"E.7","E.7.112"
3,2010,39,4,"E.7","E.7.112"
4,2016,17,3,"E.7","E.7.112"
5,2002,25,15,"E.7","E.7.112"
6,2002,25,1,"E.7","E.7.112"
7,2009,27,11,"E.7","E.7.112"
8,2002,20,30,"E.7","E.7.112"
9,2012,21,2,"E.7","E.7.112"
10,2012,22,0,"E.7","E.7.112"
1,2013,20,8,"W.3","W.3.113"
2,2002,22,7,"W.3","W.3.113"
3,2010,44,4,"W.3","W.3.113"
4,2016,22,0,"W.3","W.3.113"
5,2002,0,0,"W.3","W.3.113"
6,2002,0,0,"W.3","W.3.113"
7,2009,NA,NA,"W.3","W.3.113"
8,2002,NA,NA,"W.3","W.3.113"
9,2012,NA,NA,"W.3","W.3.113"
10,2012,NA,NA,"W.3","W.3.113"
1,2013,0,0,"E.2","E.2.114"
2,2002,0,0,"E.2","E.2.114"
3,2010,NA,NA,"E.2","E.2.114"
4,2016,NA,NA,"E.2","E.2.114"
5,2002,NA,NA,"E.2","E.2.114"
6,2002,NA,NA,"E.2","E.2.114"
7,2009,NA,NA,"E.2","E.2.114"
8,2002,NA,NA,"E.2","E.2.114"
9,2012,NA,NA,"E.2","E.2.114"
10,2012,NA,NA,"E.2","E.2.114"
1,2013,0,0,"E.5","E.5.115"
2,2002,0,0,"E.5","E.5.115"
3,2010,NA,NA,"E.5","E.5.115"
4,2016,NA,NA,"E.5","E.5.115"
5,2002,NA,NA,"E.5","E.5.115"
6,2002,NA,NA,"E.5","E.5.115"
7,2009,NA,NA,"E.5","E.5.115"
8,2002,NA,NA,"E.5","E.5.115"
9,2012,NA,NA,"E.5","E.5.115"
10,2012,NA,NA,"E.5","E.5.115"
1,2013,9,0,"E.2","E.2.116"
2,2002,11,0,"E.2","E.2.116"
3,2010,21,2,"E.2","E.2.116"
4,2016,12,0,"E.2","E.2.116"
5,2002,12,3,"E.2","E.2.116"
6,2002,12,0,"E.2","E.2.116"
7,2009,0,0,"E.2","E.2.116"
8,2002,0,0,"E.2","E.2.116"
9,2012,NA,NA,"E.2","E.2.116"
10,2012,NA,NA,"E.2","E.2.116"
1,2013,18,0,"E.1","E.1.117"
2,2002,12,1,"E.1","E.1.117"
3,2010,24,0,"E.1","E.1.117"
4,2016,17,0,"E.1","E.1.117"
5,2002,14,0,"E.1","E.1.117"
6,2002,11,0,"E.1","E.1.117"
7,2009,14,0,"E.1","E.1.117"
8,2002,15,7,"E.1","E.1.117"
9,2012,12,0,"E.1","E.1.117"
10,2012,10,6,"E.1","E.1.117"
1,2013,9,0,"W.2","W.2.118"
2,2002,17,4,"W.2","W.2.118"
3,2010,24,0,"W.2","W.2.118"
4,2016,14,3,"W.2","W.2.118"
5,2002,10,17,"W.2","W.2.118"
6,2002,15,0,"W.2","W.2.118"
7,2009,13,0,"W.2","W.2.118"
8,2002,14,3,"W.2","W.2.118"
9,2012,10,2,"W.2","W.2.118"
10,2012,12,15,"W.2","W.2.118"
1,2013,10,0,"W.5","W.5.119"
2,2002,0,0,"W.5","W.5.119"
3,2010,0,0,"W.5","W.5.119"
4,2016,NA,NA,"W.5","W.5.119"
5,2002,NA,NA,"W.5","W.5.119"
6,2002,NA,NA,"W.5","W.5.119"
7,2009,NA,NA,"W.5","W.5.119"
8,2002,NA,NA,"W.5","W.5.119"
9,2012,NA,NA,"W.5","W.5.119"
10,2012,NA,NA,"W.5","W.5.119"
1,2013,14,1,"E.5","E.5.120"
2,2002,11,2,"E.5","E.5.120"
3,2010,18,1,"E.5","E.5.120"
4,2016,11,1,"E.5","E.5.120"
5,2002,11,0,"E.5","E.5.120"
6,2002,12,0,"E.5","E.5.120"
7,2009,10,0,"E.5","E.5.120"
8,2002,9,0,"E.5","E.5.120"
9,2012,11,0,"E.5","E.5.120"
10,2012,12,2,"E.5","E.5.120"
1,2013,20,0,"E.3","E.3.121"
2,2002,20,13,"E.3","E.3.121"
3,2010,29,2,"E.3","E.3.121"
4,2016,19,4,"E.3","E.3.121"
5,2002,20,9,"E.3","E.3.121"
6,2002,19,0,"E.3","E.3.121"
7,2009,19,4,"E.3","E.3.121"
8,2002,0,0,"E.3","E.3.121"
9,2012,0,0,"E.3","E.3.121"
10,2012,NA,NA,"E.3","E.3.121"
1,2013,10,0,"W.2","W.2.122"
2,2002,8,0,"W.2","W.2.122"
3,2010,18,0,"W.2","W.2.122"
4,2016,8,0,"W.2","W.2.122"
5,2002,8,1,"W.2","W.2.122"
6,2002,8,0,"W.2","W.2.122"
7,2009,11,0,"W.2","W.2.122"
8,2002,9,1,"W.2","W.2.122"
9,2012,10,0,"W.2","W.2.122"
10,2012,5,0,"W.2","W.2.122"
1,2013,23,9,"E.3","E.3.123"
2,2002,19,0,"E.3","E.3.123"
3,2010,35,0,"E.3","E.3.123"
4,2016,17,2,"E.3","E.3.123"
5,2002,18,6,"E.3","E.3.123"
6,2002,22,10,"E.3","E.3.123"
7,2009,23,0,"E.3","E.3.123"
8,2002,19,4,"E.3","E.3.123"
9,2012,20,5,"E.3","E.3.123"
10,2012,15,37,"E.3","E.3.123"
1,2013,10,0,"E.6","E.6.124"
2,2002,9,0,"E.6","E.6.124"
3,2010,19,0,"E.6","E.6.124"
4,2016,13,0,"E.6","E.6.124"
5,2002,10,0,"E.6","E.6.124"
6,2002,11,1,"E.6","E.6.124"
7,2009,12,1,"E.6","E.6.124"
8,2002,8,5,"E.6","E.6.124"
9,2012,7,0,"E.6","E.6.124"
10,2012,9,10,"E.6","E.6.124"
1,2013,0,0,"W.5","W.5.125"
2,2002,0,0,"W.5","W.5.125"
3,2010,NA,NA,"W.5","W.5.125"
4,2016,NA,NA,"W.5","W.5.125"
5,2002,NA,NA,"W.5","W.5.125"
6,2002,NA,NA,"W.5","W.5.125"
7,2009,NA,NA,"W.5","W.5.125"
8,2002,NA,NA,"W.5","W.5.125"
9,2012,NA,NA,"W.5","W.5.125"
10,2012,NA,NA,"W.5","W.5.125"
1,2013,32,8,"E.4","E.4.126"
2,2002,30,4,"E.4","E.4.126"
3,2010,44,13,"E.4","E.4.126"
4,2016,27,2,"E.4","E.4.126"
5,2002,30,21,"E.4","E.4.126"
6,2002,29,0,"E.4","E.4.126"
7,2009,30,0,"E.4","E.4.126"
8,2002,30,7,"E.4","E.4.126"
9,2012,26,0,"E.4","E.4.126"
10,2012,26,8,"E.4","E.4.126"
1,2013,22,13,"E.3","E.3.127"
2,2002,18,0,"E.3","E.3.127"
3,2010,37,0,"E.3","E.3.127"
4,2016,23,3,"E.3","E.3.127"
5,2002,16,2,"E.3","E.3.127"
6,2002,18,4,"E.3","E.3.127"
7,2009,20,0,"E.3","E.3.127"
8,2002,20,0,"E.3","E.3.127"
9,2012,18,2,"E.3","E.3.127"
10,2012,21,0,"E.3","E.3.127"
1,2013,14,10,"E.7","E.7.128"
2,2002,14,0,"E.7","E.7.128"
3,2010,24,0,"E.7","E.7.128"
4,2016,12,0,"E.7","E.7.128"
5,2002,13,5,"E.7","E.7.128"
6,2002,17,0,"E.7","E.7.128"
7,2009,13,1,"E.7","E.7.128"
8,2002,12,7,"E.7","E.7.128"
9,2012,11,0,"E.7","E.7.128"
10,2012,11,5,"E.7","E.7.128"
1,2013,14,0,"E.1","E.1.129"
2,2002,18,0,"E.1","E.1.129"
3,2010,28,7,"E.1","E.1.129"
4,2016,17,2,"E.1","E.1.129"
5,2002,17,7,"E.1","E.1.129"
6,2002,16,0,"E.1","E.1.129"
7,2009,20,0,"E.1","E.1.129"
8,2002,20,8,"E.1","E.1.129"
9,2012,19,0,"E.1","E.1.129"
10,2012,18,10,"E.1","E.1.129"
1,2013,21,11,"E.7","E.7.130"
2,2002,23,0,"E.7","E.7.130"
3,2010,39,0,"E.7","E.7.130"
4,2016,23,5,"E.7","E.7.130"
5,2002,28,45,"E.7","E.7.130"
6,2002,24,9,"E.7","E.7.130"
7,2009,22,0,"E.7","E.7.130"
8,2002,26,5,"E.7","E.7.130"
9,2012,19,0,"E.7","E.7.130"
10,2012,23,23,"E.7","E.7.130"
1,2013,20,8,"E.6","E.6.131"
2,2002,20,0,"E.6","E.6.131"
3,2010,35,0,"E.6","E.6.131"
4,2016,17,6,"E.6","E.6.131"
5,2002,18,7,"E.6","E.6.131"
6,2002,21,0,"E.6","E.6.131"
7,2009,22,0,"E.6","E.6.131"
8,2002,17,21,"E.6","E.6.131"
9,2012,17,0,"E.6","E.6.131"
10,2012,19,0,"E.6","E.6.131"
1,2013,16,0,"E.5","E.5.132"
2,2002,13,0,"E.5","E.5.132"
3,2010,21,0,"E.5","E.5.132"
4,2016,15,0,"E.5","E.5.132"
5,2002,12,0,"E.5","E.5.132"
6,2002,12,0,"E.5","E.5.132"
7,2009,17,0,"E.5","E.5.132"
8,2002,15,0,"E.5","E.5.132"
9,2012,14,1,"E.5","E.5.132"
10,2012,10,13,"E.5","E.5.132"
1,2013,6,0,"W.4","W.4.133"
2,2002,6,0,"W.4","W.4.133"
3,2010,6,0,"W.4","W.4.133"
4,2016,7,0,"W.4","W.4.133"
5,2002,4,0,"W.4","W.4.133"
6,2002,0,0,"W.4","W.4.133"
7,2009,0,0,"W.4","W.4.133"
8,2002,NA,NA,"W.4","W.4.133"
9,2012,NA,NA,"W.4","W.4.133"
10,2012,NA,NA,"W.4","W.4.133"
1,2013,0,0,"W.4","W.4.134"
2,2002,0,0,"W.4","W.4.134"
3,2010,NA,NA,"W.4","W.4.134"
4,2016,NA,NA,"W.4","W.4.134"
5,2002,NA,NA,"W.4","W.4.134"
6,2002,NA,NA,"W.4","W.4.134"
7,2009,NA,NA,"W.4","W.4.134"
8,2002,NA,NA,"W.4","W.4.134"
9,2012,NA,NA,"W.4","W.4.134"
10,2012,NA,NA,"W.4","W.4.134"
1,2013,13,5,"W.1","W.1.135"
2,2002,0,0,"W.1","W.1.135"
3,2010,0,0,"W.1","W.1.135"
4,2016,NA,NA,"W.1","W.1.135"
5,2002,NA,NA,"W.1","W.1.135"
6,2002,NA,NA,"W.1","W.1.135"
7,2009,NA,NA,"W.1","W.1.135"
8,2002,NA,NA,"W.1","W.1.135"
9,2012,NA,NA,"W.1","W.1.135"
10,2012,NA,NA,"W.1","W.1.135"
1,2013,6,0,"W.5","W.5.136"
2,2002,11,0,"W.5","W.5.136"
3,2010,14,0,"W.5","W.5.136"
4,2016,5,0,"W.5","W.5.136"
5,2002,9,7,"W.5","W.5.136"
6,2002,8,0,"W.5","W.5.136"
7,2009,8,4,"W.5","W.5.136"
8,2002,0,0,"W.5","W.5.136"
9,2012,0,0,"W.5","W.5.136"
10,2012,NA,NA,"W.5","W.5.136"
1,2013,21,0,"W.1","W.1.137"
2,2002,0,0,"W.1","W.1.137"
3,2010,0,0,"W.1","W.1.137"
4,2016,NA,NA,"W.1","W.1.137"
5,2002,NA,NA,"W.1","W.1.137"
6,2002,NA,NA,"W.1","W.1.137"
7,2009,NA,NA,"W.1","W.1.137"
8,2002,NA,NA,"W.1","W.1.137"
9,2012,NA,NA,"W.1","W.1.137"
10,2012,NA,NA,"W.1","W.1.137"
1,2013,28,0,"E.2","E.2.138"
2,2002,24,0,"E.2","E.2.138"
3,2010,42,4,"E.2","E.2.138"
4,2016,25,10,"E.2","E.2.138"
5,2002,28,2,"E.2","E.2.138"
6,2002,26,0,"E.2","E.2.138"
7,2009,25,0,"E.2","E.2.138"
8,2002,26,11,"E.2","E.2.138"
9,2012,28,0,"E.2","E.2.138"
10,2012,22,0,"E.2","E.2.138"
1,2013,24,8,"E.3","E.3.139"
2,2002,13,0,"E.3","E.3.139"
3,2010,27,0,"E.3","E.3.139"
4,2016,15,1,"E.3","E.3.139"
5,2002,18,0,"E.3","E.3.139"
6,2002,16,0,"E.3","E.3.139"
7,2009,19,3,"E.3","E.3.139"
8,2002,20,0,"E.3","E.3.139"
9,2012,16,0,"E.3","E.3.139"
10,2012,13,7,"E.3","E.3.139"
1,2013,16,0,"W.1","W.1.140"
2,2002,14,0,"W.1","W.1.140"
3,2010,20,0,"W.1","W.1.140"
4,2016,15,6,"W.1","W.1.140"
5,2002,9,0,"W.1","W.1.140"
6,2002,15,2,"W.1","W.1.140"
7,2009,13,0,"W.1","W.1.140"
8,2002,16,8,"W.1","W.1.140"
9,2012,14,0,"W.1","W.1.140"
10,2012,12,10,"W.1","W.1.140"
1,2013,0,0,"E.4","E.4.141"
2,2002,0,0,"E.4","E.4.141"
3,2010,NA,NA,"E.4","E.4.141"
4,2016,NA,NA,"E.4","E.4.141"
5,2002,NA,NA,"E.4","E.4.141"
6,2002,NA,NA,"E.4","E.4.141"
7,2009,NA,NA,"E.4","E.4.141"
8,2002,NA,NA,"E.4","E.4.141"
9,2012,NA,NA,"E.4","E.4.141"
10,2012,NA,NA,"E.4","E.4.141"
1,2013,17,12,"W.5","W.5.142"
2,2002,11,0,"W.5","W.5.142"
3,2010,22,0,"W.5","W.5.142"
4,2016,11,4,"W.5","W.5.142"
5,2002,13,10,"W.5","W.5.142"
6,2002,15,0,"W.5","W.5.142"
7,2009,11,0,"W.5","W.5.142"
8,2002,18,7,"W.5","W.5.142"
9,2012,13,0,"W.5","W.5.142"
10,2012,17,4,"W.5","W.5.142"
1,2013,0,0,"E.3","E.3.143"
2,2002,0,0,"E.3","E.3.143"
3,2010,NA,NA,"E.3","E.3.143"
4,2016,NA,NA,"E.3","E.3.143"
5,2002,NA,NA,"E.3","E.3.143"
6,2002,NA,NA,"E.3","E.3.143"
7,2009,NA,NA,"E.3","E.3.143"
8,2002,NA,NA,"E.3","E.3.143"
9,2012,NA,NA,"E.3","E.3.143"
10,2012,NA,NA,"E.3","E.3.143"
1,2013,17,6,"W.3","W.3.144"
2,2002,18,0,"W.3","W.3.144"
3,2010,29,0,"W.3","W.3.144"
4,2016,19,3,"W.3","W.3.144"
5,2002,18,0,"W.3","W.3.144"
6,2002,18,8,"W.3","W.3.144"
7,2009,20,0,"W.3","W.3.144"
8,2002,20,2,"W.3","W.3.144"
9,2012,18,4,"W.3","W.3.144"
10,2012,18,16,"W.3","W.3.144"
1,2013,21,9,"E.2","E.2.145"
2,2002,24,13,"E.2","E.2.145"
3,2010,34,0,"E.2","E.2.145"
4,2016,19,0,"E.2","E.2.145"
5,2002,18,4,"E.2","E.2.145"
6,2002,24,0,"E.2","E.2.145"
7,2009,20,0,"E.2","E.2.145"
8,2002,24,0,"E.2","E.2.145"
9,2012,18,0,"E.2","E.2.145"
10,2012,23,9,"E.2","E.2.145"
1,2013,0,0,"E.1","E.1.146"
2,2002,0,0,"E.1","E.1.146"
3,2010,NA,NA,"E.1","E.1.146"
4,2016,NA,NA,"E.1","E.1.146"
5,2002,NA,NA,"E.1","E.1.146"
6,2002,NA,NA,"E.1","E.1.146"
7,2009,NA,NA,"E.1","E.1.146"
8,2002,NA,NA,"E.1","E.1.146"
9,2012,NA,NA,"E.1","E.1.146"
10,2012,NA,NA,"E.1","E.1.146"
1,2013,9,0,"E.5","E.5.147"
2,2002,9,0,"E.5","E.5.147"
3,2010,15,2,"E.5","E.5.147"
4,2016,6,4,"E.5","E.5.147"
5,2002,8,0,"E.5","E.5.147"
6,2002,10,0,"E.5","E.5.147"
7,2009,9,0,"E.5","E.5.147"
8,2002,7,1,"E.5","E.5.147"
9,2012,7,0,"E.5","E.5.147"
10,2012,7,0,"E.5","E.5.147"
1,2013,0,0,"E.5","E.5.148"
2,2002,0,0,"E.5","E.5.148"
3,2010,NA,NA,"E.5","E.5.148"
4,2016,NA,NA,"E.5","E.5.148"
5,2002,NA,NA,"E.5","E.5.148"
6,2002,NA,NA,"E.5","E.5.148"
7,2009,NA,NA,"E.5","E.5.148"
8,2002,NA,NA,"E.5","E.5.148"
9,2012,NA,NA,"E.5","E.5.148"
10,2012,NA,NA,"E.5","E.5.148"
1,2013,14,11,"W.4","W.4.149"
2,2002,12,0,"W.4","W.4.149"
3,2010,25,0,"W.4","W.4.149"
4,2016,12,0,"W.4","W.4.149"
5,2002,10,0,"W.4","W.4.149"
6,2002,11,4,"W.4","W.4.149"
7,2009,11,0,"W.4","W.4.149"
8,2002,16,4,"W.4","W.4.149"
9,2012,14,2,"W.4","W.4.149"
10,2012,12,5,"W.4","W.4.149"
1,2013,2,0,"E.2","E.2.150"
2,2002,3,0,"E.2","E.2.150"
3,2010,10,0,"E.2","E.2.150"
4,2016,8,0,"E.2","E.2.150"
5,2002,4,0,"E.2","E.2.150"
6,2002,5,0,"E.2","E.2.150"
7,2009,7,0,"E.2","E.2.150"
8,2002,0,0,"E.2","E.2.150"
9,2012,0,0,"E.2","E.2.150"
10,2012,NA,NA,"E.2","E.2.150"
1,2013,17,0,"E.2","E.2.151"
2,2002,11,0,"E.2","E.2.151"
3,2010,19,0,"E.2","E.2.151"
4,2016,8,6,"E.2","E.2.151"
5,2002,10,5,"E.2","E.2.151"
6,2002,9,0,"E.2","E.2.151"
7,2009,15,0,"E.2","E.2.151"
8,2002,6,10,"E.2","E.2.151"
9,2012,0,0,"E.2","E.2.151"
10,2012,0,0,"E.2","E.2.151"
1,2013,20,9,"E.1","E.1.152"
2,2002,19,0,"E.1","E.1.152"
3,2010,35,0,"E.1","E.1.152"
4,2016,20,0,"E.1","E.1.152"
5,2002,21,13,"E.1","E.1.152"
6,2002,22,6,"E.1","E.1.152"
7,2009,20,0,"E.1","E.1.152"
8,2002,22,13,"E.1","E.1.152"
9,2012,21,3,"E.1","E.1.152"
10,2012,24,11,"E.1","E.1.152"
1,2013,9,3,"W.3","W.3.153"
2,2002,12,0,"W.3","W.3.153"
3,2010,17,0,"W.3","W.3.153"
4,2016,8,0,"W.3","W.3.153"
5,2002,11,0,"W.3","W.3.153"
6,2002,10,0,"W.3","W.3.153"
7,2009,7,0,"W.3","W.3.153"
8,2002,8,0,"W.3","W.3.153"
9,2012,9,0,"W.3","W.3.153"
10,2012,8,4,"W.3","W.3.153"
1,2013,4,0,"E.7","E.7.154"
2,2002,1,0,"E.7","E.7.154"
3,2010,4,0,"E.7","E.7.154"
4,2016,2,0,"E.7","E.7.154"
5,2002,3,0,"E.7","E.7.154"
6,2002,1,0,"E.7","E.7.154"
7,2009,0,0,"E.7","E.7.154"
8,2002,0,0,"E.7","E.7.154"
9,2012,NA,NA,"E.7","E.7.154"
10,2012,NA,NA,"E.7","E.7.154"
1,2013,13,0,"E.7","E.7.155"
2,2002,17,0,"E.7","E.7.155"
3,2010,23,4,"E.7","E.7.155"
4,2016,18,3,"E.7","E.7.155"
5,2002,17,3,"E.7","E.7.155"
6,2002,16,0,"E.7","E.7.155"
7,2009,20,0,"E.7","E.7.155"
8,2002,15,12,"E.7","E.7.155"
9,2012,15,1,"E.7","E.7.155"
10,2012,12,7,"E.7","E.7.155"
1,2013,20,0,"E.4","E.4.156"
2,2002,20,13,"E.4","E.4.156"
3,2010,39,18,"E.4","E.4.156"
4,2016,20,22,"E.4","E.4.156"
5,2002,22,24,"E.4","E.4.156"
6,2002,22,20,"E.4","E.4.156"
7,2009,24,5,"E.4","E.4.156"
8,2002,23,11,"E.4","E.4.156"
9,2012,19,3,"E.4","E.4.156"
10,2012,22,4,"E.4","E.4.156"
1,2013,0,0,"W.5","W.5.157"
2,2002,0,0,"W.5","W.5.157"
3,2010,NA,NA,"W.5","W.5.157"
4,2016,NA,NA,"W.5","W.5.157"
5,2002,NA,NA,"W.5","W.5.157"
6,2002,NA,NA,"W.5","W.5.157"
7,2009,NA,NA,"W.5","W.5.157"
8,2002,NA,NA,"W.5","W.5.157"
9,2012,NA,NA,"W.5","W.5.157"
10,2012,NA,NA,"W.5","W.5.157"
1,2013,20,2,"E.2","E.2.158"
2,2002,18,0,"E.2","E.2.158"
3,2010,34,0,"E.2","E.2.158"
4,2016,18,0,"E.2","E.2.158"
5,2002,19,5,"E.2","E.2.158"
6,2002,0,0,"E.2","E.2.158"
7,2009,0,0,"E.2","E.2.158"
8,2002,NA,NA,"E.2","E.2.158"
9,2012,NA,NA,"E.2","E.2.158"
10,2012,NA,NA,"E.2","E.2.158"
1,2013,17,0,"E.1","E.1.159"
2,2002,15,0,"E.1","E.1.159"
3,2010,26,0,"E.1","E.1.159"
4,2016,13,6,"E.1","E.1.159"
5,2002,13,9,"E.1","E.1.159"
6,2002,11,0,"E.1","E.1.159"
7,2009,16,0,"E.1","E.1.159"
8,2002,11,8,"E.1","E.1.159"
9,2012,12,0,"E.1","E.1.159"
10,2012,13,4,"E.1","E.1.159"
1,2013,15,10,"E.7","E.7.160"
2,2002,13,0,"E.7","E.7.160"
3,2010,27,0,"E.7","E.7.160"
4,2016,12,7,"E.7","E.7.160"
5,2002,18,0,"E.7","E.7.160"
6,2002,13,0,"E.7","E.7.160"
7,2009,16,0,"E.7","E.7.160"
8,2002,12,0,"E.7","E.7.160"
9,2012,15,0,"E.7","E.7.160"
10,2012,11,0,"E.7","E.7.160"
1,2013,28,20,"W.1","W.1.161"
2,2002,30,0,"W.1","W.1.161"
3,2010,53,0,"W.1","W.1.161"
4,2016,30,0,"W.1","W.1.161"
5,2002,31,3,"W.1","W.1.161"
6,2002,30,0,"W.1","W.1.161"
7,2009,30,20,"W.1","W.1.161"
8,2002,31,31,"W.1","W.1.161"
9,2012,29,0,"W.1","W.1.161"
10,2012,30,0,"W.1","W.1.161"
1,2013,27,0,"E.2","E.2.162"
2,2002,30,4,"E.2","E.2.162"
3,2010,48,2,"E.2","E.2.162"
4,2016,25,7,"E.2","E.2.162"
5,2002,26,0,"E.2","E.2.162"
6,2002,30,0,"E.2","E.2.162"
7,2009,31,12,"E.2","E.2.162"
8,2002,23,14,"E.2","E.2.162"
9,2012,31,0,"E.2","E.2.162"
10,2012,0,0,"E.2","E.2.162"
1,2013,0,0,"W.1","W.1.163"
2,2002,0,0,"W.1","W.1.163"
3,2010,NA,NA,"W.1","W.1.163"
4,2016,NA,NA,"W.1","W.1.163"
5,2002,NA,NA,"W.1","W.1.163"
6,2002,NA,NA,"W.1","W.1.163"
7,2009,NA,NA,"W.1","W.1.163"
8,2002,NA,NA,"W.1","W.1.163"
9,2012,NA,NA,"W.1","W.1.163"
10,2012,NA,NA,"W.1","W.1.163"
1,2013,23,0,"E.6","E.6.164"
2,2002,18,0,"E.6","E.6.164"
3,2010,40,0,"E.6","E.6.164"
4,2016,22,1,"E.6","E.6.164"
5,2002,21,10,"E.6","E.6.164"
6,2002,23,0,"E.6","E.6.164"
7,2009,24,1,"E.6","E.6.164"
8,2002,22,11,"E.6","E.6.164"
9,2012,19,2,"E.6","E.6.164"
10,2012,19,7,"E.6","E.6.164"
1,2013,0,0,"E.7","E.7.165"
2,2002,0,0,"E.7","E.7.165"
3,2010,NA,NA,"E.7","E.7.165"
4,2016,NA,NA,"E.7","E.7.165"
5,2002,NA,NA,"E.7","E.7.165"
6,2002,NA,NA,"E.7","E.7.165"
7,2009,NA,NA,"E.7","E.7.165"
8,2002,NA,NA,"E.7","E.7.165"
9,2012,NA,NA,"E.7","E.7.165"
10,2012,NA,NA,"E.7","E.7.165"
1,2013,13,14,"E.1","E.1.166"
2,2002,16,1,"E.1","E.1.166"
3,2010,27,0,"E.1","E.1.166"
4,2016,17,6,"E.1","E.1.166"
5,2002,18,0,"E.1","E.1.166"
6,2002,17,0,"E.1","E.1.166"
7,2009,21,0,"E.1","E.1.166"
8,2002,18,6,"E.1","E.1.166"
9,2012,20,5,"E.1","E.1.166"
10,2012,19,10,"E.1","E.1.166"
1,2013,14,7,"E.4","E.4.167"
2,2002,12,0,"E.4","E.4.167"
3,2010,24,0,"E.4","E.4.167"
4,2016,11,3,"E.4","E.4.167"
5,2002,10,6,"E.4","E.4.167"
6,2002,10,1,"E.4","E.4.167"
7,2009,0,0,"E.4","E.4.167"
8,2002,0,0,"E.4","E.4.167"
9,2012,NA,NA,"E.4","E.4.167"
10,2012,NA,NA,"E.4","E.4.167"
1,2013,19,18,"E.6","E.6.168"
2,2002,15,4,"E.6","E.6.168"
3,2010,31,3,"E.6","E.6.168"
4,2016,16,4,"E.6","E.6.168"
5,2002,19,0,"E.6","E.6.168"
6,2002,17,0,"E.6","E.6.168"
7,2009,18,0,"E.6","E.6.168"
8,2002,18,10,"E.6","E.6.168"
9,2012,17,4,"E.6","E.6.168"
10,2012,16,4,"E.6","E.6.168"
1,2013,12,0,"W.4","W.4.169"
2,2002,15,0,"W.4","W.4.169"
3,2010,21,0,"W.4","W.4.169"
4,2016,12,6,"W.4","W.4.169"
5,2002,0,0,"W.4","W.4.169"
6,2002,0,0,"W.4","W.4.169"
7,2009,NA,NA,"W.4","W.4.169"
8,2002,NA,NA,"W.4","W.4.169"
9,2012,NA,NA,"W.4","W.4.169"
10,2012,NA,NA,"W.4","W.4.169"
1,2013,0,0,"E.7","E.7.170"
2,2002,0,0,"E.7","E.7.170"
3,2010,NA,NA,"E.7","E.7.170"
4,2016,NA,NA,"E.7","E.7.170"
5,2002,NA,NA,"E.7","E.7.170"
6,2002,NA,NA,"E.7","E.7.170"
7,2009,NA,NA,"E.7","E.7.170"
8,2002,NA,NA,"E.7","E.7.170"
9,2012,NA,NA,"E.7","E.7.170"
10,2012,NA,NA,"E.7","E.7.170"
1,2013,16,0,"W.1","W.1.171"
2,2002,16,0,"W.1","W.1.171"
3,2010,29,0,"W.1","W.1.171"
4,2016,19,3,"W.1","W.1.171"
5,2002,15,3,"W.1","W.1.171"
6,2002,15,0,"W.1","W.1.171"
7,2009,18,4,"W.1","W.1.171"
8,2002,15,0,"W.1","W.1.171"
9,2012,16,3,"W.1","W.1.171"
10,2012,17,11,"W.1","W.1.171"
1,2013,0,0,"W.1","W.1.172"
2,2002,0,0,"W.1","W.1.172"
3,2010,NA,NA,"W.1","W.1.172"
4,2016,NA,NA,"W.1","W.1.172"
5,2002,NA,NA,"W.1","W.1.172"
6,2002,NA,NA,"W.1","W.1.172"
7,2009,NA,NA,"W.1","W.1.172"
8,2002,NA,NA,"W.1","W.1.172"
9,2012,NA,NA,"W.1","W.1.172"
10,2012,NA,NA,"W.1","W.1.172"
1,2013,5,0,"E.1","E.1.173"
2,2002,5,0,"E.1","E.1.173"
3,2010,6,0,"E.1","E.1.173"
4,2016,5,0,"E.1","E.1.173"
5,2002,0,0,"E.1","E.1.173"
6,2002,0,0,"E.1","E.1.173"
7,2009,NA,NA,"E.1","E.1.173"
8,2002,NA,NA,"E.1","E.1.173"
9,2012,NA,NA,"E.1","E.1.173"
10,2012,NA,NA,"E.1","E.1.173"
1,2013,17,8,"E.6","E.6.174"
2,2002,19,4,"E.6","E.6.174"
3,2010,29,11,"E.6","E.6.174"
4,2016,19,20,"E.6","E.6.174"
5,2002,16,10,"E.6","E.6.174"
6,2002,18,0,"E.6","E.6.174"
7,2009,20,0,"E.6","E.6.174"
8,2002,0,0,"E.6","E.6.174"
9,2012,0,0,"E.6","E.6.174"
10,2012,NA,NA,"E.6","E.6.174"
1,2013,0,0,"E.5","E.5.175"
2,2002,0,0,"E.5","E.5.175"
3,2010,NA,NA,"E.5","E.5.175"
4,2016,NA,NA,"E.5","E.5.175"
5,2002,NA,NA,"E.5","E.5.175"
6,2002,NA,NA,"E.5","E.5.175"
7,2009,NA,NA,"E.5","E.5.175"
8,2002,NA,NA,"E.5","E.5.175"
9,2012,NA,NA,"E.5","E.5.175"
10,2012,NA,NA,"E.5","E.5.175"
1,2013,13,0,"E.1","E.1.176"
2,2002,21,0,"E.1","E.1.176"
3,2010,31,2,"E.1","E.1.176"
4,2016,14,2,"E.1","E.1.176"
5,2002,17,0,"E.1","E.1.176"
6,2002,19,17,"E.1","E.1.176"
7,2009,21,12,"E.1","E.1.176"
8,2002,18,7,"E.1","E.1.176"
9,2012,18,8,"E.1","E.1.176"
10,2012,13,0,"E.1","E.1.176"
1,2013,16,0,"E.5","E.5.177"
2,2002,12,0,"E.5","E.5.177"
3,2010,22,0,"E.5","E.5.177"
4,2016,14,6,"E.5","E.5.177"
5,2002,11,0,"E.5","E.5.177"
6,2002,17,1,"E.5","E.5.177"
7,2009,13,2,"E.5","E.5.177"
8,2002,13,3,"E.5","E.5.177"
9,2012,13,0,"E.5","E.5.177"
10,2012,11,4,"E.5","E.5.177"
1,2013,8,3,"W.4","W.4.178"
2,2002,6,0,"W.4","W.4.178"
3,2010,16,0,"W.4","W.4.178"
4,2016,7,3,"W.4","W.4.178"
5,2002,0,0,"W.4","W.4.178"
6,2002,0,0,"W.4","W.4.178"
7,2009,NA,NA,"W.4","W.4.178"
8,2002,NA,NA,"W.4","W.4.178"
9,2012,NA,NA,"W.4","W.4.178"
10,2012,NA,NA,"W.4","W.4.178"
1,2013,3,0,"W.5","W.5.179"
2,2002,3,0,"W.5","W.5.179"
3,2010,3,0,"W.5","W.5.179"
4,2016,0,0,"W.5","W.5.179"
5,2002,0,0,"W.5","W.5.179"
6,2002,NA,NA,"W.5","W.5.179"
7,2009,NA,NA,"W.5","W.5.179"
8,2002,NA,NA,"W.5","W.5.179"
9,2012,NA,NA,"W.5","W.5.179"
10,2012,NA,NA,"W.5","W.5.179"
1,2013,0,0,"E.3","E.3.180"
2,2002,0,0,"E.3","E.3.180"
3,2010,NA,NA,"E.3","E.3.180"
4,2016,NA,NA,"E.3","E.3.180"
5,2002,NA,NA,"E.3","E.3.180"
6,2002,NA,NA,"E.3","E.3.180"
7,2009,NA,NA,"E.3","E.3.180"
8,2002,NA,NA,"E.3","E.3.180"
9,2012,NA,NA,"E.3","E.3.180"
10,2012,NA,NA,"E.3","E.3.180"
1,2013,22,11,"E.3","E.3.181"
2,2002,25,0,"E.3","E.3.181"
3,2010,39,5,"E.3","E.3.181"
4,2016,22,8,"E.3","E.3.181"
5,2002,22,0,"E.3","E.3.181"
6,2002,26,3,"E.3","E.3.181"
7,2009,23,3,"E.3","E.3.181"
8,2002,21,13,"E.3","E.3.181"
9,2012,21,0,"E.3","E.3.181"
10,2012,22,5,"E.3","E.3.181"
1,2013,0,0,"E.6","E.6.182"
2,2002,0,0,"E.6","E.6.182"
3,2010,NA,NA,"E.6","E.6.182"
4,2016,NA,NA,"E.6","E.6.182"
5,2002,NA,NA,"E.6","E.6.182"
6,2002,NA,NA,"E.6","E.6.182"
7,2009,NA,NA,"E.6","E.6.182"
8,2002,NA,NA,"E.6","E.6.182"
9,2012,NA,NA,"E.6","E.6.182"
10,2012,NA,NA,"E.6","E.6.182"
1,2013,25,8,"E.4","E.4.183"
2,2002,22,0,"E.4","E.4.183"
3,2010,37,0,"E.4","E.4.183"
4,2016,20,4,"E.4","E.4.183"
5,2002,22,26,"E.4","E.4.183"
6,2002,0,0,"E.4","E.4.183"
7,2009,0,0,"E.4","E.4.183"
8,2002,NA,NA,"E.4","E.4.183"
9,2012,NA,NA,"E.4","E.4.183"
10,2012,NA,NA,"E.4","E.4.183"
1,2013,17,0,"W.1","W.1.184"
2,2002,20,0,"W.1","W.1.184"
3,2010,32,0,"W.1","W.1.184"
4,2016,16,1,"W.1","W.1.184"
5,2002,16,0,"W.1","W.1.184"
6,2002,14,0,"W.1","W.1.184"
7,2009,18,0,"W.1","W.1.184"
8,2002,0,0,"W.1","W.1.184"
9,2012,0,0,"W.1","W.1.184"
10,2012,NA,NA,"W.1","W.1.184"
1,2013,0,0,"E.2","E.2.185"
2,2002,0,0,"E.2","E.2.185"
3,2010,NA,NA,"E.2","E.2.185"
4,2016,NA,NA,"E.2","E.2.185"
5,2002,NA,NA,"E.2","E.2.185"
6,2002,NA,NA,"E.2","E.2.185"
7,2009,NA,NA,"E.2","E.2.185"
8,2002,NA,NA,"E.2","E.2.185"
9,2012,NA,NA,"E.2","E.2.185"
10,2012,NA,NA,"E.2","E.2.185"
1,2013,16,11,"E.5","E.5.186"
2,2002,16,0,"E.5","E.5.186"
3,2010,28,0,"E.5","E.5.186"
4,2016,14,0,"E.5","E.5.186"
5,2002,20,6,"E.5","E.5.186"
6,2002,14,0,"E.5","E.5.186"
7,2009,18,0,"E.5","E.5.186"
8,2002,18,12,"E.5","E.5.186"
9,2012,12,5,"E.5","E.5.186"
10,2012,11,0,"E.5","E.5.186"
1,2013,22,9,"E.7","E.7.187"
2,2002,21,0,"E.7","E.7.187"
3,2010,42,0,"E.7","E.7.187"
4,2016,20,0,"E.7","E.7.187"
5,2002,23,0,"E.7","E.7.187"
6,2002,24,0,"E.7","E.7.187"
7,2009,31,0,"E.7","E.7.187"
8,2002,24,5,"E.7","E.7.187"
9,2012,25,3,"E.7","E.7.187"
10,2012,20,19,"E.7","E.7.187"
1,2013,25,0,"W.5","W.5.188"
2,2002,32,0,"W.5","W.5.188"
3,2010,43,0,"W.5","W.5.188"
4,2016,29,0,"W.5","W.5.188"
5,2002,28,25,"W.5","W.5.188"
6,2002,27,0,"W.5","W.5.188"
7,2009,27,0,"W.5","W.5.188"
8,2002,26,13,"W.5","W.5.188"
9,2012,26,0,"W.5","W.5.188"
10,2012,24,32,"W.5","W.5.188"
1,2013,18,1,"W.4","W.4.189"
2,2002,17,9,"W.4","W.4.189"
3,2010,26,0,"W.4","W.4.189"
4,2016,12,0,"W.4","W.4.189"
5,2002,14,14,"W.4","W.4.189"
6,2002,18,0,"W.4","W.4.189"
7,2009,18,0,"W.4","W.4.189"
8,2002,14,0,"W.4","W.4.189"
9,2012,15,0,"W.4","W.4.189"
10,2012,14,7,"W.4","W.4.189"
1,2013,0,0,"E.6","E.6.190"
2,2002,0,0,"E.6","E.6.190"
3,2010,NA,NA,"E.6","E.6.190"
4,2016,NA,NA,"E.6","E.6.190"
5,2002,NA,NA,"E.6","E.6.190"
6,2002,NA,NA,"E.6","E.6.190"
7,2009,NA,NA,"E.6","E.6.190"
8,2002,NA,NA,"E.6","E.6.190"
9,2012,NA,NA,"E.6","E.6.190"
10,2012,NA,NA,"E.6","E.6.190"
1,2013,23,0,"E.7","E.7.191"
2,2002,0,0,"E.7","E.7.191"
3,2010,0,0,"E.7","E.7.191"
4,2016,NA,NA,"E.7","E.7.191"
5,2002,NA,NA,"E.7","E.7.191"
6,2002,NA,NA,"E.7","E.7.191"
7,2009,NA,NA,"E.7","E.7.191"
8,2002,NA,NA,"E.7","E.7.191"
9,2012,NA,NA,"E.7","E.7.191"
10,2012,NA,NA,"E.7","E.7.191"
1,2013,15,2,"W.4","W.4.192"
2,2002,19,6,"W.4","W.4.192"
3,2010,35,0,"W.4","W.4.192"
4,2016,15,3,"W.4","W.4.192"
5,2002,19,4,"W.4","W.4.192"
6,2002,19,0,"W.4","W.4.192"
7,2009,18,7,"W.4","W.4.192"
8,2002,15,16,"W.4","W.4.192"
9,2012,0,0,"W.4","W.4.192"
10,2012,0,0,"W.4","W.4.192"
1,2013,28,0,"W.3","W.3.193"
2,2002,28,0,"W.3","W.3.193"
3,2010,50,5,"W.3","W.3.193"
4,2016,26,13,"W.3","W.3.193"
5,2002,30,27,"W.3","W.3.193"
6,2002,25,1,"W.3","W.3.193"
7,2009,30,2,"W.3","W.3.193"
8,2002,31,14,"W.3","W.3.193"
9,2012,0,0,"W.3","W.3.193"
10,2012,0,0,"W.3","W.3.193"
1,2013,0,0,"W.4","W.4.194"
2,2002,0,0,"W.4","W.4.194"
3,2010,NA,NA,"W.4","W.4.194"
4,2016,NA,NA,"W.4","W.4.194"
5,2002,NA,NA,"W.4","W.4.194"
6,2002,NA,NA,"W.4","W.4.194"
7,2009,NA,NA,"W.4","W.4.194"
8,2002,NA,NA,"W.4","W.4.194"
9,2012,NA,NA,"W.4","W.4.194"
10,2012,NA,NA,"W.4","W.4.194"
1,2013,13,0,"E.6","E.6.195"
2,2002,18,0,"E.6","E.6.195"
3,2010,23,0,"E.6","E.6.195"
4,2016,14,0,"E.6","E.6.195"
5,2002,16,0,"E.6","E.6.195"
6,2002,16,0,"E.6","E.6.195"
7,2009,14,0,"E.6","E.6.195"
8,2002,16,5,"E.6","E.6.195"
9,2012,14,0,"E.6","E.6.195"
10,2012,16,7,"E.6","E.6.195"
1,2013,27,10,"W.2","W.2.196"
2,2002,23,0,"W.2","W.2.196"
3,2010,44,0,"W.2","W.2.196"
4,2016,0,0,"W.2","W.2.196"
5,2002,0,0,"W.2","W.2.196"
6,2002,NA,NA,"W.2","W.2.196"
7,2009,NA,NA,"W.2","W.2.196"
8,2002,NA,NA,"W.2","W.2.196"
9,2012,NA,NA,"W.2","W.2.196"
10,2012,NA,NA,"W.2","W.2.196"
1,2013,12,0,"W.4","W.4.197"
2,2002,11,0,"W.4","W.4.197"
3,2010,15,0,"W.4","W.4.197"
4,2016,5,1,"W.4","W.4.197"
5,2002,8,9,"W.4","W.4.197"
6,2002,10,0,"W.4","W.4.197"
7,2009,0,0,"W.4","W.4.197"
8,2002,0,0,"W.4","W.4.197"
9,2012,NA,NA,"W.4","W.4.197"
10,2012,NA,NA,"W.4","W.4.197"
1,2013,19,12,"W.4","W.4.198"
2,2002,15,6,"W.4","W.4.198"
3,2010,30,0,"W.4","W.4.198"
4,2016,19,0,"W.4","W.4.198"
5,2002,21,0,"W.4","W.4.198"
6,2002,22,0,"W.4","W.4.198"
7,2009,21,6,"W.4","W.4.198"
8,2002,20,13,"W.4","W.4.198"
9,2012,21,6,"W.4","W.4.198"
10,2012,17,12,"W.4","W.4.198"
1,2013,32,8,"W.3","W.3.199"
2,2002,31,7,"W.3","W.3.199"
3,2010,50,6,"W.3","W.3.199"
4,2016,24,11,"W.3","W.3.199"
5,2002,27,8,"W.3","W.3.199"
6,2002,29,7,"W.3","W.3.199"
7,2009,31,0,"W.3","W.3.199"
8,2002,0,0,"W.3","W.3.199"
9,2012,0,0,"W.3","W.3.199"
10,2012,NA,NA,"W.3","W.3.199"
1,2013,12,0,"W.3","W.3.200"
2,2002,9,0,"W.3","W.3.200"
3,2010,18,0,"W.3","W.3.200"
4,2016,0,0,"W.3","W.3.200"
5,2002,13,7,"W.3","W.3.200"
6,2002,0,0,"W.3","W.3.200"
7,2009,0,0,"W.3","W.3.200"
8,2002,0,0,"W.3","W.3.200"
9,2012,7,0,"W.3","W.3.200"
10,2012,0,0,"W.3","W.3.200"
1,2013,NA,0,"W.5","W.5.201"
2,2002,NA,0,"W.5","W.5.201"
3,2010,NA,0,"W.5","W.5.201"
4,2016,NA,0,"W.5","W.5.201"
5,2002,NA,0,"W.5","W.5.201"
6,2002,1,0,"W.5","W.5.201"
7,2009,0,0,"W.5","W.5.201"
8,2002,NA,0,"W.5","W.5.201"
9,2012,NA,0,"W.5","W.5.201"
10,2012,NA,0,"W.5","W.5.201"
1,2013,NA,0,"W.5","W.5.202"
2,2002,NA,0,"W.5","W.5.202"
3,2010,NA,0,"W.5","W.5.202"
4,2016,NA,0,"W.5","W.5.202"
5,2002,NA,0,"W.5","W.5.202"
6,2002,1,0,"W.5","W.5.202"
7,2009,1,0,"W.5","W.5.202"
8,2002,1,0,"W.5","W.5.202"
9,2012,0,0,"W.5","W.5.202"
10,2012,NA,0,"W.5","W.5.202"
1,2013,NA,0,"W.5","W.5.203"
2,2002,1,0,"W.5","W.5.203"
3,2010,1,0,"W.5","W.5.203"
4,2016,1,0,"W.5","W.5.203"
5,2002,0,0,"W.5","W.5.203"
6,2002,NA,0,"W.5","W.5.203"
7,2009,NA,0,"W.5","W.5.203"
8,2002,NA,0,"W.5","W.5.203"
9,2012,NA,0,"W.5","W.5.203"
10,2012,NA,0,"W.5","W.5.203"
1,2013,NA,0,"W.4","W.4.204"
2,2002,NA,0,"W.4","W.4.204"
3,2010,NA,0,"W.4","W.4.204"
4,2016,NA,0,"W.4","W.4.204"
5,2002,NA,0,"W.4","W.4.204"
6,2002,NA,0,"W.4","W.4.204"
7,2009,NA,0,"W.4","W.4.204"
8,2002,1,0,"W.4","W.4.204"
9,2012,1,0,"W.4","W.4.204"
10,2012,0,0,"W.4","W.4.204"
1,2013,NA,0,"W.4","W.4.205"
2,2002,NA,0,"W.4","W.4.205"
3,2010,NA,0,"W.4","W.4.205"
4,2016,NA,0,"W.4","W.4.205"
5,2002,NA,0,"W.4","W.4.205"
6,2002,NA,0,"W.4","W.4.205"
7,2009,NA,0,"W.4","W.4.205"
8,2002,NA,0,"W.4","W.4.205"
9,2012,1,0,"W.4","W.4.205"
10,2012,2,0,"W.4","W.4.205"
1,2013,NA,0,"W.5","W.5.206"
2,2002,NA,0,"W.5","W.5.206"
3,2010,NA,0,"W.5","W.5.206"
4,2016,NA,0,"W.5","W.5.206"
5,2002,NA,0,"W.5","W.5.206"
6,2002,1,0,"W.5","W.5.206"
7,2009,0,0,"W.5","W.5.206"
8,2002,NA,0,"W.5","W.5.206"
9,2012,NA,0,"W.5","W.5.206"
10,2012,NA,0,"W.5","W.5.206"
1,2013,NA,0,"E.7","E.7.207"
2,2002,NA,0,"E.7","E.7.207"
3,2010,NA,0,"E.7","E.7.207"
4,2016,NA,0,"E.7","E.7.207"
5,2002,1,0,"E.7","E.7.207"
6,2002,1,0,"E.7","E.7.207"
7,2009,5,0,"E.7","E.7.207"
8,2002,6,0,"E.7","E.7.207"
9,2012,8,0,"E.7","E.7.207"
10,2012,6,0,"E.7","E.7.207"
1,2013,NA,0,"E.2","E.2.208"
2,2002,NA,0,"E.2","E.2.208"
3,2010,NA,0,"E.2","E.2.208"
4,2016,NA,0,"E.2","E.2.208"
5,2002,NA,0,"E.2","E.2.208"
6,2002,1,0,"E.2","E.2.208"
7,2009,3,0,"E.2","E.2.208"
8,2002,5,0,"E.2","E.2.208"
9,2012,7,0,"E.2","E.2.208"
10,2012,6,0,"E.2","E.2.208"
1,2013,NA,0,"W.2","W.2.209"
2,2002,NA,0,"W.2","W.2.209"
3,2010,NA,0,"W.2","W.2.209"
4,2016,NA,0,"W.2","W.2.209"
5,2002,NA,0,"W.2","W.2.209"
6,2002,NA,0,"W.2","W.2.209"
7,2009,NA,0,"W.2","W.2.209"
8,2002,NA,0,"W.2","W.2.209"
9,2012,1,0,"W.2","W.2.209"
10,2012,3,0,"W.2","W.2.209"
1,2013,NA,0,"W.3","W.3.210"
2,2002,NA,0,"W.3","W.3.210"
3,2010,NA,0,"W.3","W.3.210"
4,2016,NA,0,"W.3","W.3.210"
5,2002,NA,0,"W.3","W.3.210"
6,2002,NA,0,"W.3","W.3.210"
7,2009,NA,0,"W.3","W.3.210"
8,2002,NA,0,"W.3","W.3.210"
9,2012,1,0,"W.3","W.3.210"
10,2012,1,0,"W.3","W.3.210"
1,2013,NA,0,"E.6","E.6.211"
2,2002,NA,0,"E.6","E.6.211"
3,2010,NA,0,"E.6","E.6.211"
4,2016,NA,0,"E.6","E.6.211"
5,2002,NA,0,"E.6","E.6.211"
6,2002,1,0,"E.6","E.6.211"
7,2009,3,0,"E.6","E.6.211"
8,2002,4,0,"E.6","E.6.211"
9,2012,3,0,"E.6","E.6.211"
10,2012,0,0,"E.6","E.6.211"
1,2013,NA,0,"E.7","E.7.212"
2,2002,NA,0,"E.7","E.7.212"
3,2010,NA,0,"E.7","E.7.212"
4,2016,NA,0,"E.7","E.7.212"
5,2002,NA,0,"E.7","E.7.212"
6,2002,1,0,"E.7","E.7.212"
7,2009,5,0,"E.7","E.7.212"
8,2002,6,0,"E.7","E.7.212"
9,2012,8,0,"E.7","E.7.212"
10,2012,8,0,"E.7","E.7.212"
1,2013,NA,0,"W.4","W.4.213"
2,2002,NA,0,"W.4","W.4.213"
3,2010,NA,0,"W.4","W.4.213"
4,2016,NA,0,"W.4","W.4.213"
5,2002,NA,0,"W.4","W.4.213"
6,2002,NA,0,"W.4","W.4.213"
7,2009,NA,0,"W.4","W.4.213"
8,2002,NA,0,"W.4","W.4.213"
9,2012,1,0,"W.4","W.4.213"
10,2012,1,0,"W.4","W.4.213"
1,2013,NA,0,"W.4","W.4.214"
2,2002,1,0,"W.4","W.4.214"
3,2010,2,0,"W.4","W.4.214"
4,2016,3,0,"W.4","W.4.214"
5,2002,6,0,"W.4","W.4.214"
6,2002,7,0,"W.4","W.4.214"
7,2009,9,0,"W.4","W.4.214"
8,2002,10,0,"W.4","W.4.214"
9,2012,12,0,"W.4","W.4.214"
10,2012,14,0,"W.4","W.4.214"
1,2013,NA,0,"W.5","W.5.215"
2,2002,1,0,"W.5","W.5.215"
3,2010,0,0,"W.5","W.5.215"
4,2016,NA,0,"W.5","W.5.215"
5,2002,NA,0,"W.5","W.5.215"
6,2002,NA,0,"W.5","W.5.215"
7,2009,NA,0,"W.5","W.5.215"
8,2002,NA,0,"W.5","W.5.215"
9,2012,NA,0,"W.5","W.5.215"
10,2012,NA,0,"W.5","W.5.215"
1,2013,NA,0,"E.6","E.6.216"
2,2002,NA,0,"E.6","E.6.216"
3,2010,NA,0,"E.6","E.6.216"
4,2016,NA,0,"E.6","E.6.216"
5,2002,1,0,"E.6","E.6.216"
6,2002,1,0,"E.6","E.6.216"
7,2009,3,0,"E.6","E.6.216"
8,2002,7,0,"E.6","E.6.216"
9,2012,12,0,"E.6","E.6.216"
10,2012,12,0,"E.6","E.6.216"
1,2013,NA,0,"W.1","W.1.217"
2,2002,NA,0,"W.1","W.1.217"
3,2010,NA,0,"W.1","W.1.217"
4,2016,NA,0,"W.1","W.1.217"
5,2002,NA,0,"W.1","W.1.217"
6,2002,NA,0,"W.1","W.1.217"
7,2009,NA,0,"W.1","W.1.217"
8,2002,1,0,"W.1","W.1.217"
9,2012,0,0,"W.1","W.1.217"
10,2012,NA,0,"W.1","W.1.217"
1,2013,NA,0,"W.1","W.1.218"
2,2002,NA,0,"W.1","W.1.218"
3,2010,NA,0,"W.1","W.1.218"
4,2016,NA,0,"W.1","W.1.218"
5,2002,NA,0,"W.1","W.1.218"
6,2002,NA,0,"W.1","W.1.218"
7,2009,NA,0,"W.1","W.1.218"
8,2002,NA,0,"W.1","W.1.218"
9,2012,NA,0,"W.1","W.1.218"
10,2012,6,0,"W.1","W.1.218"
1,2013,NA,0,"E.3","E.3.219"
2,2002,1,0,"E.3","E.3.219"
3,2010,4,0,"E.3","E.3.219"
4,2016,8,0,"E.3","E.3.219"
5,2002,7,0,"E.3","E.3.219"
6,2002,10,0,"E.3","E.3.219"
7,2009,8,0,"E.3","E.3.219"
8,2002,8,0,"E.3","E.3.219"
9,2012,8,0,"E.3","E.3.219"
10,2012,5,0,"E.3","E.3.219"
1,2013,NA,0,"E.1","E.1.220"
2,2002,NA,0,"E.1","E.1.220"
3,2010,NA,0,"E.1","E.1.220"
4,2016,NA,0,"E.1","E.1.220"
5,2002,1,0,"E.1","E.1.220"
6,2002,0,0,"E.1","E.1.220"
7,2009,NA,0,"E.1","E.1.220"
8,2002,NA,0,"E.1","E.1.220"
9,2012,NA,0,"E.1","E.1.220"
10,2012,NA,0,"E.1","E.1.220"
1,2013,NA,0,"W.1","W.1.221"
2,2002,NA,0,"W.1","W.1.221"
3,2010,NA,0,"W.1","W.1.221"
4,2016,NA,0,"W.1","W.1.221"
5,2002,1,0,"W.1","W.1.221"
6,2002,1,0,"W.1","W.1.221"
7,2009,1,0,"W.1","W.1.221"
8,2002,1,0,"W.1","W.1.221"
9,2012,2,0,"W.1","W.1.221"
10,2012,3,0,"W.1","W.1.221"
1,2013,NA,0,"W.2","W.2.222"
2,2002,1,0,"W.2","W.2.222"
3,2010,1,0,"W.2","W.2.222"
4,2016,3,0,"W.2","W.2.222"
5,2002,4,0,"W.2","W.2.222"
6,2002,0,0,"W.2","W.2.222"
7,2009,NA,0,"W.2","W.2.222"
8,2002,NA,0,"W.2","W.2.222"
9,2012,NA,0,"W.2","W.2.222"
10,2012,NA,0,"W.2","W.2.222"
1,2013,NA,0,"E.4","E.4.223"
2,2002,NA,0,"E.4","E.4.223"
3,2010,NA,0,"E.4","E.4.223"
4,2016,NA,0,"E.4","E.4.223"
5,2002,NA,0,"E.4","E.4.223"
6,2002,NA,0,"E.4","E.4.223"
7,2009,NA,0,"E.4","E.4.223"
8,2002,NA,0,"E.4","E.4.223"
9,2012,1,0,"E.4","E.4.223"
10,2012,3,0,"E.4","E.4.223"
1,2013,NA,0,"W.1","W.1.224"
2,2002,NA,0,"W.1","W.1.224"
3,2010,NA,0,"W.1","W.1.224"
4,2016,NA,0,"W.1","W.1.224"
5,2002,NA,0,"W.1","W.1.224"
6,2002,NA,0,"W.1","W.1.224"
7,2009,NA,0,"W.1","W.1.224"
8,2002,NA,0,"W.1","W.1.224"
9,2012,1,0,"W.1","W.1.224"
10,2012,2,0,"W.1","W.1.224"
1,2013,NA,0,"E.6","E.6.225"
2,2002,NA,0,"E.6","E.6.225"
3,2010,NA,0,"E.6","E.6.225"
4,2016,NA,0,"E.6","E.6.225"
5,2002,NA,0,"E.6","E.6.225"
6,2002,NA,0,"E.6","E.6.225"
7,2009,NA,0,"E.6","E.6.225"
8,2002,NA,0,"E.6","E.6.225"
9,2012,1,0,"E.6","E.6.225"
10,2012,0,0,"E.6","E.6.225"
